CustomerID,Recency,Frequency,Monetary
14911.0,1,188,70245.51
14096.0,4,17,31267.34
17841.0,1,123,30100.22
13089.0,4,76,23774.91
12748.0,0,193,19402.7
14298.0,8,40,16975.86
13081.0,11,11,13196.03
17735.0,2,19,11049.85
14156.0,9,32,10895.18
15311.0,0,91,10872.33
12921.0,9,37,10832.45
15039.0,9,45,10782.22
17675.0,1,29,9206.83
15159.0,1,28,9004.79
14194.0,4,20,8248.85
14769.0,2,8,8140.62
14606.0,1,90,8140.31
12681.0,14,21,7774.2
13319.0,5,26,7625.87
15358.0,4,22,7154.06
12682.0,3,30,7149.77
15078.0,7,31,6985.1
15640.0,4,14,6747.13
14895.0,7,17,6663.09
16033.0,5,20,6605.74
13263.0,1,34,6604.78
14367.0,8,16,6564.88
12567.0,22,10,6521.83
15498.0,2,24,6518.02
14796.0,1,17,6502.6
17139.0,15,12,6397.87
13985.0,4,15,6365.72
13018.0,16,27,6267.14
13488.0,17,13,6161.53
17509.0,57,8,6115.14
12621.0,1,18,6051.06
12540.0,19,17,6031.14
16558.0,0,20,6017.37
17581.0,0,23,6012.1
16729.0,38,20,5966.32
12474.0,17,17,5932.69
13458.0,7,14,5904.41
14056.0,1,23,5792.69
12471.0,2,26,5780.35
13969.0,7,18,5744.58
17338.0,17,8,5725.04
15249.0,31,13,5675.26
15005.0,15,28,5621.06
15615.0,10,22,5610.32
15856.0,4,25,5548.41
14849.0,21,24,5485.28
17865.0,30,18,5327.14
13004.0,11,17,5139.96
17340.0,29,10,5059.7
14415.0,1,13,5054.67
16923.0,12,16,5042.79
17706.0,4,17,5037.79
16746.0,4,18,4987.33
15601.0,11,14,4969.77
14961.0,10,9,4965.26
14667.0,10,25,4906.56
18055.0,7,10,4885.64
13001.0,4,13,4870.29
13767.0,2,32,4843.16
12766.0,3,7,4820.8
14936.0,33,7,4793.05
12839.0,2,14,4778.67
16843.0,42,16,4742.87
14505.0,17,8,4688.19
12683.0,4,14,4670.61
18118.0,10,26,4670.35
13050.0,14,17,4614.88
17811.0,4,39,4595.44
15150.0,17,10,4585.33
12472.0,32,7,4580.97
15719.0,32,13,4554.01
18223.0,4,14,4520.88
16700.0,8,13,4519.31
13871.0,22,13,4511.85
13098.0,1,24,4508.71
14159.0,19,11,4481.17
15044.0,19,17,4463.0
15023.0,3,11,4452.84
16873.0,4,6,4428.44
16161.0,1,19,4413.86
13178.0,26,11,4355.59
15805.0,23,16,4354.55
15382.0,14,6,4354.02
12637.0,67,8,4334.78
12705.0,15,8,4333.34
12451.0,10,5,4307.89
13209.0,30,7,4292.46
12433.0,0,7,4289.1
17850.0,372,34,4248.44
12720.0,2,25,4237.23
16713.0,18,15,4215.22
16931.0,5,21,4214.75
14527.0,2,54,4207.21
13709.0,3,12,4186.88
16609.0,15,7,4118.47
13668.0,2,21,4111.85
17243.0,5,23,4103.27
17757.0,1,30,4078.1
17068.0,12,21,4050.19
17652.0,25,12,4048.97
16187.0,31,15,4039.15
12539.0,22,4,4017.4
13102.0,1,24,4004.77
14049.0,16,4,3967.64
17416.0,29,6,3937.52
12626.0,23,9,3931.71
12362.0,3,10,3922.54
17716.0,29,10,3917.69
13534.0,2,24,3914.98
15555.0,12,16,3909.72
15194.0,3,15,3892.22
16945.0,21,19,3881.64
17602.0,2,6,3847.96
15786.0,46,3,3846.45
17049.0,2,9,3840.02
17426.0,8,6,3816.09
17686.0,7,7,3813.58
13269.0,1,15,3799.13
16779.0,2,22,3774.79
12428.0,25,8,3768.98
15547.0,7,13,3768.07
17365.0,12,8,3751.59
16549.0,10,10,3718.04
16265.0,9,9,3687.26
14085.0,2,18,3679.7
14286.0,23,3,3672.36
14329.0,17,7,3656.37
15727.0,16,7,3655.41
14191.0,1,13,3617.68
18226.0,44,11,3612.61
15152.0,9,13,3592.03
13097.0,32,10,3591.48
12490.0,5,10,3575.13
12700.0,7,4,3561.64
15529.0,22,11,3536.51
17613.0,22,14,3525.32
18225.0,3,12,3525.31
13137.0,10,8,3514.29
12536.0,59,1,3511.05
12714.0,9,5,3494.55
12867.0,26,7,3490.47
15544.0,9,9,3479.21
13408.0,1,42,3473.86
14189.0,2,15,3473.49
16670.0,16,11,3472.72
13468.0,1,37,3464.84
17315.0,1,36,3457.44
12957.0,9,8,3442.64
12949.0,30,8,3409.04
13418.0,11,18,3390.66
17651.0,11,9,3383.93
14562.0,3,17,3366.32
12477.0,22,6,3363.7
17160.0,31,6,3356.97
16186.0,22,12,3338.18
12484.0,35,4,3336.98
15804.0,0,13,3335.18
17920.0,4,17,3326.72
16814.0,14,21,3326.62
16745.0,86,17,3324.68
12627.0,10,6,3314.0
17238.0,2,17,3303.65
16592.0,4,16,3290.03
13013.0,1,13,3283.6
17091.0,2,9,3271.97
14291.0,1,11,3262.5
17611.0,7,15,3249.92
12662.0,0,11,3247.83
13078.0,3,26,3245.57
14800.0,47,12,3219.52
14092.0,7,14,3214.21
17364.0,0,11,3213.19
17511.0,2,27,3193.28
12378.0,129,1,3188.62
12971.0,3,74,3186.77
14547.0,3,8,3174.95
14755.0,9,11,3172.61
13198.0,10,6,3139.55
17377.0,23,20,3135.02
17758.0,19,8,3130.05
17017.0,2,18,3122.4
13267.0,2,18,3115.33
12841.0,4,25,3097.24
15570.0,7,12,3096.68
14395.0,2,9,3074.96
12359.0,57,4,3072.93
15513.0,33,15,3070.22
14534.0,2,18,3044.01
14422.0,0,6,3040.89
13069.0,0,24,3039.72
12431.0,35,14,3032.51
13988.0,19,6,3028.05
16458.0,2,18,3016.9
16145.0,8,11,3015.15
14146.0,8,5,3014.95
13334.0,82,3,3014.42
16133.0,3,29,3006.62
16360.0,4,6,2991.26
16767.0,30,10,2983.55
15301.0,50,11,2980.48
12481.0,22,10,2970.2
17677.0,1,22,2951.07
14688.0,7,20,2949.27
13999.0,10,12,2916.79
16717.0,23,6,2913.78
16327.0,14,6,2912.46
17769.0,12,10,2910.95
16242.0,8,7,2907.73
13505.0,72,4,2905.01
17107.0,33,5,2901.23
12757.0,15,7,2897.65
17419.0,11,12,2885.52
17719.0,37,15,2865.12
12476.0,15,10,2862.79
16818.0,10,11,2856.55
14057.0,23,15,2856.27
17730.0,3,13,2850.88
13268.0,17,10,2847.0
15379.0,169,7,2843.79
16011.0,8,16,2839.33
17220.0,24,14,2796.43
15296.0,50,6,2795.27
15034.0,15,8,2795.06
17725.0,16,11,2791.3
17690.0,30,15,2788.72
12347.0,2,7,2783.37
15861.0,12,7,2769.61
13124.0,89,3,2763.62
16393.0,2,13,2762.94
16984.0,88,2,2752.83
14426.0,23,9,2751.91
16940.0,52,3,2751.19
12553.0,8,10,2729.7
15356.0,31,10,2728.95
15416.0,64,4,2727.68
16440.0,7,5,2726.67
14646.0,2,25,2717.9
15955.0,24,14,2716.76
15622.0,43,9,2716.29
18145.0,12,4,2716.12
16904.0,4,14,2708.75
18041.0,11,21,2705.04
16722.0,17,13,2701.77
14456.0,5,9,2695.6
14388.0,10,8,2679.76
13599.0,1,21,2679.12
17231.0,12,10,2670.82
14390.0,10,9,2659.05
17428.0,38,19,2656.76
14277.0,15,3,2656.46
15443.0,1,7,2650.2
16303.0,25,3,2637.92
18272.0,2,6,2637.46
15144.0,8,16,2630.76
13451.0,26,5,2627.85
17576.0,8,19,2624.9
13148.0,29,11,2619.82
15676.0,18,3,2618.02
13381.0,31,6,2615.55
17528.0,1,8,2610.91
14907.0,3,7,2606.51
15298.0,2,11,2598.82
13015.0,53,5,2596.91
14307.0,88,6,2590.81
13815.0,22,4,2582.46
12449.0,22,4,2573.64
15502.0,15,9,2570.62
13285.0,23,4,2566.02
17059.0,29,5,2563.81
15114.0,30,10,2559.56
12583.0,2,15,2556.08
15752.0,39,7,2554.85
12613.0,57,4,2554.2
14132.0,2,11,2550.37
16712.0,18,10,2549.95
17728.0,3,3,2549.93
17593.0,3,5,2549.06
12955.0,1,11,2547.6
16764.0,3,13,2547.15
15628.0,4,9,2544.74
17799.0,22,10,2538.96
12437.0,1,18,2529.42
13880.0,21,13,2519.63
15764.0,88,6,2512.27
14112.0,22,6,2505.16
14535.0,60,3,2502.03
13842.0,58,9,2501.05
17050.0,96,6,2497.09
15974.0,39,7,2496.45
12749.0,3,5,2496.41
13047.0,56,9,2495.81
14227.0,26,9,2493.72
14088.0,10,10,2489.22
12597.0,19,4,2484.07
14099.0,16,11,2475.16
15998.0,36,5,2473.86
12562.0,8,7,2473.22
13869.0,123,4,2468.25
12840.0,143,4,2451.17
16477.0,63,7,2450.72
13362.0,9,4,2449.04
14221.0,42,9,2434.55
15708.0,40,7,2429.67
14004.0,43,7,2422.16
12731.0,23,10,2418.33
18172.0,30,14,2377.06
16686.0,47,7,2376.23
13971.0,18,8,2372.6
14125.0,10,3,2356.93
14903.0,21,5,2356.73
14735.0,3,26,2345.4
12569.0,2,28,2345.09
14546.0,5,5,2340.54
17863.0,59,6,2339.92
17164.0,32,7,2336.2
13448.0,16,6,2334.08
18077.0,8,11,2327.29
14868.0,3,8,2306.14
16241.0,9,13,2304.71
14659.0,8,9,2302.78
16655.0,17,6,2298.86
14944.0,29,12,2296.58
13384.0,30,7,2295.26
14262.0,8,8,2287.61
14702.0,1,17,2280.79
17001.0,0,11,2278.66
13266.0,11,12,2275.61
18245.0,7,7,2266.43
16401.0,1,11,2266.04
15687.0,8,9,2265.03
15290.0,4,18,2264.42
13588.0,15,9,2252.61
15993.0,8,6,2252.05
17084.0,35,2,2250.9
15867.0,5,15,2249.26
16081.0,56,5,2248.69
17567.0,7,8,2240.01
12685.0,28,6,2237.25
13373.0,60,3,2236.42
12709.0,15,13,2225.45
12668.0,11,4,2223.8
18109.0,1,25,2218.92
16523.0,1,17,2216.36
15033.0,4,10,2216.32
15696.0,33,8,2213.71
13654.0,43,6,2208.87
15845.0,17,8,2203.15
17975.0,15,13,2198.5
12517.0,28,4,2198.09
14016.0,161,4,2186.14
16255.0,16,8,2180.61
14121.0,3,4,2178.2
12480.0,28,4,2178.14
16556.0,66,7,2178.0
14110.0,36,10,2176.77
17213.0,40,7,2176.2
13471.0,1,4,2174.13
13901.0,72,5,2166.21
15750.0,2,8,2166.08
17682.0,10,6,2165.69
17659.0,17,12,2162.0
14503.0,3,6,2157.86
17069.0,28,9,2143.55
16156.0,8,9,2143.19
12473.0,53,3,2143.05
17346.0,3,15,2142.51
14572.0,3,7,2132.41
13136.0,56,5,2130.81
16710.0,19,10,2129.99
16839.0,8,26,2128.29
13437.0,14,7,2125.1
14639.0,52,6,2119.57
14175.0,59,3,2116.3
15271.0,7,15,2113.82
13975.0,31,6,2108.58
14852.0,58,6,2107.06
14842.0,43,4,2101.36
14525.0,19,9,2096.06
17700.0,16,4,2095.79
16678.0,2,11,2093.46
13422.0,64,1,2093.04
17965.0,37,14,2084.05
15673.0,88,4,2080.69
14709.0,15,13,2077.22
12444.0,21,5,2074.61
14713.0,9,11,2072.31
17449.0,2,7,2065.96
12708.0,29,10,2064.86
12721.0,31,6,2061.39
13804.0,30,7,2059.93
13230.0,4,14,2057.79
17530.0,1,10,2055.58
17442.0,36,6,2050.99
13883.0,10,5,2050.33
12417.0,3,9,2047.35
18283.0,3,16,2046.03
15755.0,10,6,2044.84
13862.0,18,8,2041.96
15738.0,18,16,2041.73
14810.0,40,11,2038.08
17954.0,5,11,2036.16
16705.0,0,16,2035.93
16607.0,17,12,2035.07
14401.0,4,13,2019.44
15065.0,37,4,2017.86
13571.0,12,12,2017.27
15235.0,217,12,2015.51
15808.0,306,4,2015.07
13141.0,84,5,2011.53
12520.0,79,5,2009.54
16633.0,17,6,2009.5
13174.0,16,3,2007.5
14565.0,95,4,2004.61
16837.0,31,9,2004.05
15632.0,15,8,1994.95
16497.0,49,6,1991.93
14299.0,8,8,1981.93
13644.0,16,4,1979.09
16626.0,0,16,1977.18
12779.0,37,8,1974.43
13115.0,11,4,1969.56
16019.0,46,9,1961.33
12688.0,113,1,1959.8
15228.0,66,4,1958.59
14732.0,8,8,1953.99
18075.0,23,10,1949.79
13523.0,33,5,1948.48
13769.0,2,10,1946.31
13394.0,1,8,1945.99
14766.0,8,6,1945.22
13507.0,3,4,1937.01
14282.0,3,14,1936.18
13949.0,2,6,1927.93
12370.0,51,4,1927.73
14432.0,9,6,1927.19
16743.0,29,7,1926.01
14841.0,53,6,1925.93
13994.0,3,6,1924.34
12856.0,7,6,1919.26
16057.0,16,7,1915.87
15796.0,1,8,1914.16
17589.0,60,4,1912.37
15811.0,22,6,1910.63
13536.0,1,7,1908.41
18229.0,11,18,1907.54
12578.0,21,2,1904.86
16550.0,108,5,1904.1
14502.0,19,9,1901.28
16928.0,80,17,1900.12
16143.0,3,6,1898.27
14243.0,8,10,1888.93
13527.0,33,7,1883.5
15514.0,12,10,1882.64
12744.0,56,4,1881.74
14060.0,4,16,1877.8
14341.0,45,8,1873.77
13911.0,144,8,1872.71
18069.0,26,5,1872.35
13139.0,16,6,1869.92
15089.0,10,6,1867.01
12501.0,336,1,1866.66
17314.0,24,8,1865.93
12594.0,46,7,1865.22
14530.0,25,6,1864.76
17625.0,18,4,1852.75
12935.0,2,7,1851.55
13895.0,28,4,1850.12
15281.0,58,9,1846.08
12948.0,16,7,1845.56
12395.0,19,12,1844.57
17644.0,1,11,1842.1
16455.0,63,7,1841.18
13517.0,59,3,1839.49
15665.0,168,2,1835.85
13742.0,16,12,1833.06
16871.0,22,6,1829.44
15410.0,84,8,1829.41
14107.0,51,7,1829.27
15491.0,95,6,1825.55
14334.0,16,8,1814.61
15046.0,9,15,1806.03
16240.0,24,2,1804.19
18260.0,172,6,1803.7
18065.0,5,14,1803.16
15484.0,1,4,1801.9
14051.0,0,18,1801.01
16771.0,33,5,1800.86
12360.0,52,3,1793.36
16180.0,100,8,1789.73
14493.0,7,5,1788.81
17211.0,26,8,1788.4
15521.0,40,7,1787.96
13735.0,24,4,1784.54
14250.0,7,3,1783.53
18210.0,1,6,1774.98
18257.0,39,8,1768.56
13890.0,1,10,1767.86
16150.0,42,5,1762.12
15203.0,25,6,1757.4
17191.0,28,7,1752.46
17228.0,15,8,1749.03
17015.0,28,3,1747.79
16409.0,36,5,1743.04
14825.0,3,12,1741.69
12598.0,9,7,1739.01
13756.0,2,12,1738.76
13908.0,79,4,1738.01
16938.0,8,4,1737.19
13952.0,217,2,1736.66
13771.0,64,4,1732.9
15819.0,49,4,1728.57
16201.0,3,4,1724.92
13704.0,5,9,1723.6
14211.0,53,9,1722.15
15518.0,64,7,1721.78
14854.0,78,7,1720.48
14032.0,16,10,1720.01
12397.0,35,2,1720.01
12727.0,10,7,1717.7
15365.0,25,7,1717.32
14239.0,43,11,1715.0
13632.0,24,5,1713.61
16905.0,5,7,1712.85
13048.0,14,4,1710.27
14844.0,63,4,1705.99
16379.0,4,4,1705.88
17444.0,151,2,1704.44
16782.0,10,13,1703.9
13365.0,33,2,1703.87
13344.0,67,3,1701.32
14180.0,10,25,1690.52
16316.0,64,7,1684.02
14360.0,31,4,1683.33
15984.0,2,9,1679.98
16258.0,45,4,1676.25
16293.0,21,10,1676.14
13126.0,4,8,1674.97
17667.0,66,5,1668.47
17434.0,2,7,1668.32
13317.0,66,6,1663.03
17463.0,16,5,1661.86
14135.0,1,14,1657.54
17838.0,26,5,1654.5
15674.0,73,4,1654.41
12518.0,0,5,1654.03
17790.0,26,14,1653.5
17088.0,28,4,1651.61
13196.0,11,4,1650.93
14554.0,10,4,1650.55
14215.0,11,6,1650.47
14696.0,4,7,1648.74
18241.0,9,17,1648.04
12656.0,17,5,1647.45
17071.0,28,9,1647.08
16407.0,12,9,1646.63
12406.0,22,2,1646.22
15058.0,25,11,1643.94
16875.0,67,5,1643.83
18122.0,8,6,1641.55
16735.0,78,5,1641.3
14701.0,10,9,1639.13
13481.0,45,5,1638.66
18180.0,4,6,1637.38
13426.0,0,10,1636.07
18139.0,17,6,1635.06
16628.0,29,5,1634.25
16422.0,17,33,1632.54
14711.0,10,11,1631.79
15531.0,8,2,1631.75
17685.0,16,7,1629.0
17827.0,5,5,1628.29
17337.0,151,4,1617.42
18219.0,2,10,1616.92
14837.0,89,4,1613.5
15594.0,15,5,1608.9
14290.0,11,5,1608.14
14626.0,23,4,1607.06
13113.0,0,24,1605.17
16426.0,2,10,1603.53
17858.0,5,9,1602.41
14462.0,66,11,1600.28
16474.0,7,6,1598.18
14309.0,8,9,1597.73
15321.0,70,3,1595.54
17451.0,1,7,1593.8
17092.0,50,4,1588.39
15572.0,4,7,1578.47
14232.0,42,5,1577.56
14210.0,105,6,1576.52
13680.0,1,4,1569.63
15641.0,105,4,1567.12
14257.0,64,5,1566.3
17422.0,16,6,1565.3
13510.0,1,4,1565.02
17218.0,4,10,1563.63
16007.0,47,4,1563.25
15123.0,7,2,1563.03
14472.0,103,8,1556.62
13755.0,3,8,1556.35
17504.0,206,8,1555.42
16358.0,1,4,1554.46
14730.0,1,8,1554.06
16170.0,50,6,1551.72
13320.0,78,4,1548.7
18198.0,4,16,1545.88
13924.0,1,6,1544.05
17284.0,60,6,1542.43
17612.0,53,6,1541.59
12868.0,185,6,1534.71
14305.0,71,3,1533.96
17787.0,152,4,1531.24
13555.0,73,4,1529.6
12782.0,4,5,1526.17
14315.0,44,6,1526.13
14040.0,40,12,1524.46
18204.0,71,3,1524.03
17469.0,16,5,1522.71
18178.0,128,4,1521.22
17131.0,5,4,1520.82
14038.0,78,3,1520.78
16115.0,9,8,1519.47
15351.0,12,7,1517.55
15220.0,51,6,1515.45
15021.0,8,9,1514.67
14930.0,108,3,1513.51
12712.0,28,12,1513.23
13870.0,2,8,1508.94
12380.0,21,4,1505.05
17861.0,3,8,1502.4
17491.0,1,10,1499.98
16128.0,17,5,1498.27
15214.0,1,8,1497.14
16570.0,15,9,1496.81
14030.0,18,8,1489.75
15105.0,18,7,1489.59
13090.0,8,11,1489.45
13658.0,9,5,1488.25
16076.0,3,9,1488.16
16790.0,3,6,1485.38
12524.0,9,8,1484.01
12560.0,5,2,1482.36
14733.0,16,12,1481.44
16942.0,12,9,1479.23
13850.0,129,1,1478.98
17672.0,50,2,1478.22
16244.0,211,2,1475.05
13758.0,11,7,1473.74
17744.0,3,6,1472.26
14031.0,7,14,1468.53
17400.0,126,5,1466.24
12388.0,15,6,1465.66
17722.0,96,4,1465.46
12456.0,44,3,1465.24
14719.0,1,5,1463.68
16153.0,49,5,1463.53
15827.0,73,14,1463.24
15394.0,9,4,1457.69
15834.0,70,3,1457.58
13700.0,26,10,1456.42
17663.0,25,7,1453.36
12607.0,60,1,1450.66
13593.0,108,5,1450.33
12423.0,0,8,1449.69
13021.0,4,9,1445.79
15218.0,10,9,1445.1
12826.0,2,7,1438.3
13875.0,53,5,1438.22
16168.0,10,20,1435.77
15367.0,57,4,1427.0
16813.0,8,10,1426.37
16791.0,29,7,1422.88
14595.0,19,6,1420.96
17696.0,38,8,1419.03
12928.0,35,5,1418.54
16919.0,156,11,1415.2
12963.0,8,8,1414.41
12726.0,28,7,1411.5
18239.0,218,5,1411.01
13993.0,42,8,1409.96
14178.0,8,7,1407.76
12610.0,22,4,1400.44
18235.0,71,3,1398.58
14245.0,219,2,1397.9
13650.0,16,6,1397.49
13552.0,66,12,1397.19
17159.0,21,3,1394.85
14653.0,1,7,1394.25
14640.0,24,6,1393.61
12836.0,59,4,1392.61
14621.0,1,5,1390.52
17512.0,51,8,1390.31
12502.0,95,5,1388.62
12916.0,138,4,1386.35
15172.0,8,5,1385.88
18230.0,9,7,1385.5
14700.0,32,3,1384.53
13184.0,14,10,1377.41
16003.0,29,5,1374.77
14808.0,39,7,1374.47
17634.0,36,9,1373.37
14461.0,148,3,1372.76
17085.0,123,5,1370.95
14443.0,53,4,1370.33
14387.0,32,3,1370.29
15189.0,3,28,1363.56
12615.0,2,4,1359.83
12635.0,89,2,1357.69
13157.0,49,4,1356.88
12865.0,26,2,1355.82
16279.0,21,3,1354.8
16912.0,28,11,1353.68
13093.0,275,8,1351.97
13764.0,70,3,1349.96
13309.0,7,5,1349.28
13777.0,8,17,1343.39
18231.0,192,5,1342.02
13012.0,9,7,1341.15
14418.0,3,3,1341.06
12647.0,22,11,1338.61
12633.0,58,4,1338.34
18044.0,4,10,1334.46
14704.0,19,7,1333.89
12684.0,7,6,1332.39
13134.0,85,4,1330.94
14748.0,29,5,1330.09
16841.0,36,6,1328.3
12747.0,2,11,1328.29
13982.0,39,4,1325.6
17870.0,2,11,1324.53
15024.0,9,8,1320.98
17705.0,3,9,1320.12
12669.0,150,2,1319.92
15157.0,3,3,1315.13
12438.0,14,2,1312.12
12408.0,32,5,1311.77
16059.0,65,6,1310.21
13995.0,15,5,1308.99
16618.0,31,4,1308.68
15002.0,115,4,1308.45
15810.0,78,4,1307.23
14498.0,42,5,1307.12
15260.0,100,6,1307.08
15427.0,33,3,1306.95
15370.0,71,5,1302.3
14952.0,59,6,1301.22
15241.0,66,8,1297.09
16463.0,21,4,1295.48
17673.0,1,6,1293.75
14524.0,31,9,1293.28
17162.0,28,10,1293.26
12357.0,33,1,1289.35
15981.0,24,7,1289.28
13849.0,51,2,1285.95
18097.0,7,6,1284.22
16719.0,14,7,1284.17
14740.0,197,3,1283.86
15398.0,16,2,1283.63
14587.0,18,9,1279.18
12759.0,52,3,1279.09
16466.0,33,7,1276.42
17293.0,8,8,1276.11
16395.0,60,5,1275.48
16283.0,5,5,1275.41
12398.0,45,1,1273.24
16191.0,2,11,1272.4
17738.0,19,4,1271.11
13313.0,22,5,1269.12
17086.0,7,6,1266.3
14680.0,71,14,1264.55
16992.0,10,5,1262.56
15245.0,134,3,1261.26
15444.0,9,2,1260.86
16496.0,8,3,1259.63
15128.0,60,4,1257.94
17272.0,46,3,1256.07
13421.0,40,2,1252.39
15237.0,1,4,1252.38
16016.0,3,8,1251.31
14506.0,17,5,1250.87
16571.0,26,3,1249.37
16110.0,45,3,1248.68
15660.0,25,8,1248.44
16101.0,70,1,1246.7
13590.0,11,6,1244.7
15950.0,31,4,1243.46
18161.0,15,5,1241.42
14776.0,51,11,1239.54
12523.0,19,11,1238.31
13014.0,10,10,1235.88
17063.0,21,7,1235.1
16369.0,18,3,1234.36
16889.0,194,3,1234.24
13695.0,31,13,1233.97
16169.0,8,4,1233.84
18179.0,9,5,1233.24
17372.0,40,8,1232.8
16762.0,19,3,1232.13
12381.0,4,5,1230.96
14665.0,60,4,1229.6
13224.0,60,2,1225.32
12576.0,35,5,1225.31
15493.0,32,5,1225.2
15111.0,29,3,1220.88
13186.0,39,3,1220.66
12937.0,15,4,1218.12
15140.0,52,7,1218.09
16245.0,23,3,1217.76
16817.0,2,9,1215.11
12670.0,10,5,1214.17
14246.0,110,3,1213.8
17590.0,2,3,1210.14
14292.0,7,9,1208.93
14921.0,30,2,1205.73
13722.0,131,3,1203.88
13725.0,49,7,1203.52
13327.0,38,8,1201.84
12371.0,59,1,1201.46
18188.0,15,3,1200.6
15106.0,17,5,1195.85
12393.0,72,4,1193.5
13158.0,94,4,1193.5
15620.0,56,3,1192.95
13851.0,95,3,1192.52
16326.0,5,14,1192.46
17813.0,14,5,1191.03
15136.0,2,4,1189.5
17932.0,29,3,1188.92
14312.0,46,6,1185.86
16253.0,66,2,1184.68
17037.0,87,1,1182.32
12674.0,38,4,1181.9
15701.0,2,4,1181.3
16755.0,114,3,1177.94
15453.0,1,7,1176.72
12877.0,3,11,1175.71
12585.0,234,2,1173.35
16332.0,28,7,1171.7
17750.0,5,9,1168.12
17676.0,4,6,1167.7
13562.0,81,3,1167.56
13576.0,10,16,1166.94
13647.0,9,4,1164.52
13477.0,37,6,1163.97
16271.0,15,4,1163.25
15067.0,78,3,1160.2
17629.0,5,8,1159.12
15910.0,0,8,1157.53
12377.0,315,2,1157.52
16726.0,26,5,1155.43
12463.0,53,4,1155.38
14673.0,3,5,1153.68
15549.0,77,3,1151.6
14336.0,16,4,1151.51
12947.0,143,5,1150.79
15146.0,164,2,1149.52
14447.0,18,5,1147.33
15117.0,14,5,1146.73
16348.0,32,7,1145.61
15932.0,4,8,1143.25
15061.0,19,22,1141.92
17073.0,17,4,1141.77
16775.0,10,11,1141.61
13159.0,8,4,1141.09
16983.0,12,7,1140.68
16910.0,4,8,1137.51
13627.0,59,5,1134.23
16929.0,3,7,1132.61
16173.0,15,6,1132.47
12352.0,36,7,1130.94
16669.0,23,2,1127.77
16794.0,1,10,1125.5
16951.0,134,3,1125.06
16503.0,106,4,1124.28
16434.0,29,7,1123.65
15527.0,18,8,1123.28
17147.0,22,4,1122.92
13265.0,53,5,1118.16
13577.0,25,4,1116.7
15009.0,12,3,1116.63
13475.0,191,4,1115.66
14684.0,25,5,1115.53
16042.0,22,5,1115.07
12843.0,159,7,1114.49
16985.0,17,9,1113.38
14934.0,81,2,1110.39
15129.0,50,10,1109.57
15680.0,9,3,1108.39
13659.0,205,2,1106.97
13860.0,1,5,1106.93
12364.0,7,3,1106.28
15179.0,18,3,1105.39
17043.0,32,4,1105.38
15373.0,8,9,1104.51
13055.0,78,3,1104.06
16464.0,19,3,1103.27
13634.0,33,5,1102.61
15240.0,44,5,1100.7
14209.0,10,6,1098.55
15906.0,19,7,1098.09
16515.0,52,5,1097.87
15532.0,25,4,1097.69
12483.0,17,7,1095.52
18116.0,67,8,1095.47
14321.0,10,5,1095.0
15791.0,43,2,1093.02
15376.0,40,3,1092.81
12620.0,14,3,1092.64
15051.0,23,3,1092.53
13717.0,32,6,1088.32
17837.0,42,8,1087.83
15704.0,140,4,1087.11
17412.0,2,7,1085.14
14511.0,11,5,1082.93
17389.0,3,23,1082.78
17571.0,50,3,1081.45
14978.0,72,5,1081.37
14669.0,241,3,1080.52
13520.0,58,6,1078.15
17596.0,23,7,1076.78
16053.0,32,2,1075.45
12526.0,0,3,1074.46
16224.0,57,4,1072.85
14698.0,1,5,1070.06
12383.0,184,5,1069.04
14916.0,70,4,1068.51
15426.0,19,5,1068.03
17633.0,31,4,1065.38
15134.0,14,8,1065.25
17648.0,60,3,1063.08
13614.0,24,4,1061.86
12886.0,67,2,1059.36
12952.0,5,4,1058.26
14759.0,4,3,1058.07
14217.0,1,17,1057.65
13983.0,39,9,1057.24
14116.0,19,5,1052.94
16218.0,29,5,1051.58
16531.0,22,7,1050.32
13813.0,39,4,1050.26
16045.0,119,4,1049.4
12429.0,9,4,1049.34
15916.0,16,7,1048.76
16744.0,11,7,1046.87
17019.0,11,4,1045.81
12853.0,134,5,1045.4
16748.0,17,5,1045.3
14251.0,1,5,1045.26
17481.0,3,4,1045.16
12645.0,33,4,1044.78
14893.0,9,2,1044.63
15059.0,40,9,1042.87
15122.0,114,3,1041.28
15201.0,87,5,1038.54
12625.0,211,2,1037.32
16612.0,32,4,1036.76
18125.0,29,4,1035.31
14414.0,91,7,1033.42
14419.0,10,6,1032.21
12758.0,116,2,1032.03
16210.0,1,14,1030.82
15392.0,4,4,1030.33
15596.0,100,5,1029.94
17562.0,14,7,1029.02
17591.0,73,7,1028.33
14723.0,10,6,1026.58
14878.0,12,9,1025.24
16676.0,33,4,1023.78
15530.0,21,4,1023.46
12909.0,39,5,1022.43
18202.0,199,3,1019.39
13213.0,56,5,1019.08
13715.0,281,5,1018.2
13425.0,108,3,1017.85
13310.0,28,3,1015.73
12704.0,7,7,1013.82
17656.0,73,5,1012.55
12783.0,2,4,1011.3
14544.0,24,2,1010.77
16317.0,119,3,1010.63
17655.0,10,7,1004.64
13208.0,59,5,1004.12
17406.0,333,2,1003.87
13652.0,45,3,1003.64
15625.0,103,4,1003.62
13168.0,36,4,1002.19
15671.0,25,6,1001.31
17188.0,11,7,1001.11
14276.0,98,3,1000.89
14963.0,9,5,999.09
13521.0,1,3,998.84
13808.0,5,5,998.66
13149.0,14,4,998.28
17450.0,10,5,998.28
14834.0,17,6,998.2
17774.0,96,4,997.42
14515.0,17,6,997.08
16353.0,17,10,993.9
14129.0,1,5,993.06
15826.0,56,3,992.85
15933.0,21,3,990.05
16225.0,44,5,988.77
16370.0,82,4,987.91
18177.0,31,6,987.82
15854.0,4,11,986.71
13635.0,67,1,986.43
15858.0,15,5,984.16
16653.0,16,2,983.91
12528.0,9,6,983.03
13232.0,12,7,981.56
16049.0,40,3,980.97
12951.0,8,6,979.12
15563.0,22,3,977.73
15839.0,33,3,977.66
17802.0,82,3,976.97
17173.0,5,6,975.72
14745.0,112,5,975.1
16652.0,58,5,975.05
14794.0,2,6,974.46
13611.0,89,3,974.16
15983.0,22,4,973.81
13500.0,23,3,971.2
14591.0,15,4,971.14
12546.0,46,2,969.58
15187.0,1,9,969.2
17505.0,161,2,967.94
15436.0,12,3,965.93
15265.0,151,2,965.4
15411.0,26,4,965.2
17041.0,26,3,964.65
17800.0,37,9,963.16
16709.0,84,4,961.87
18263.0,25,3,961.2
13486.0,78,3,959.95
13761.0,50,2,959.65
17609.0,40,5,958.63
12876.0,57,2,958.42
15801.0,46,3,958.25
16341.0,24,4,957.17
15291.0,25,10,957.06
18016.0,32,5,955.5
14482.0,18,6,953.87
17594.0,85,2,953.58
13744.0,95,2,952.5
14738.0,42,7,952.14
12494.0,15,7,951.75
14019.0,46,3,951.41
17348.0,14,5,951.08
14071.0,3,8,949.6
15494.0,21,2,948.93
17100.0,18,2,948.34
14397.0,2,16,948.02
14487.0,26,6,947.18
13138.0,22,6,946.49
15730.0,65,3,943.91
13491.0,51,10,943.34
16638.0,22,10,943.09
18130.0,15,3,941.16
14214.0,30,5,938.14
12689.0,25,2,937.65
16295.0,9,4,937.26
16842.0,100,3,935.49
16807.0,142,3,934.69
14741.0,11,6,934.34
17702.0,30,4,933.79
16126.0,29,4,933.43
14901.0,11,8,933.31
16172.0,95,5,932.91
12455.0,73,5,932.86
17126.0,152,5,932.46
12407.0,49,5,932.01
15948.0,8,2,931.84
12885.0,63,3,930.42
13162.0,122,4,928.95
12854.0,78,3,927.34
14948.0,23,6,927.11
12349.0,18,1,924.75
12820.0,3,4,923.62
16918.0,49,6,923.52
17727.0,15,1,923.35
14446.0,0,4,920.95
14817.0,200,2,920.48
14856.0,36,3,919.94
14561.0,75,3,917.77
17323.0,15,7,917.67
13110.0,31,7,916.62
14857.0,59,2,916.17
14404.0,33,6,915.93
13931.0,95,2,915.57
17158.0,32,3,914.21
12716.0,3,2,912.91
16520.0,186,3,912.72
17997.0,74,8,910.75
13305.0,4,10,910.21
12710.0,96,3,909.82
14005.0,9,5,908.3
16398.0,154,2,905.45
17894.0,71,8,905.34
12630.0,9,2,905.08
14913.0,35,4,903.32
15449.0,26,3,903.26
14297.0,17,4,902.57
17828.0,22,4,902.02
12762.0,7,2,901.07
14408.0,10,7,899.41
13450.0,26,6,898.68
14140.0,3,2,898.18
14541.0,58,8,897.25
14691.0,30,4,897.04
17519.0,17,6,897.0
18143.0,116,2,895.81
17554.0,1,5,895.41
15681.0,25,5,894.46
15605.0,36,5,894.13
14410.0,92,9,891.52
16040.0,65,3,891.5
17671.0,15,4,891.47
18189.0,77,2,891.34
14161.0,215,3,890.92
12985.0,0,2,888.56
17082.0,33,2,888.1
13814.0,92,2,887.82
17768.0,8,3,886.59
16175.0,94,4,885.09
12611.0,52,1,884.92
14507.0,40,5,884.83
13610.0,12,7,884.28
13297.0,7,4,883.1
17047.0,85,3,882.9
18242.0,72,4,882.7
16809.0,23,5,882.59
13330.0,92,3,882.18
14540.0,9,3,880.11
15606.0,61,9,879.28
17490.0,0,6,877.73
16320.0,172,2,877.64
15737.0,22,5,877.25
14466.0,29,7,876.15
16637.0,32,4,875.86
16102.0,42,3,875.74
18221.0,22,5,874.22
13308.0,22,3,872.47
12828.0,2,6,871.51
16188.0,44,4,871.27
13979.0,73,1,869.87
14449.0,18,4,868.72
16688.0,1,4,866.18
16200.0,4,2,866.17
17350.0,8,4,866.15
14105.0,239,1,865.43
14293.0,3,4,862.06
14649.0,4,4,861.96
14235.0,75,5,861.24
14577.0,12,4,859.71
13192.0,95,2,859.14
13772.0,33,3,858.78
17410.0,16,5,858.57
17961.0,21,37,858.24
14583.0,5,5,857.04
15421.0,58,4,856.94
16800.0,11,1,856.82
16572.0,127,3,855.55
13719.0,15,5,855.41
15306.0,64,3,854.02
16350.0,21,4,853.5
13456.0,17,5,853.42
16533.0,19,3,851.97
15785.0,32,5,851.37
15227.0,36,5,851.22
17042.0,2,5,847.72
15253.0,16,5,847.29
12609.0,78,3,846.11
17058.0,81,3,843.68
12530.0,59,4,843.42
15716.0,145,4,842.34
13447.0,23,3,841.08
13117.0,21,8,840.7
12432.0,42,3,840.18
12775.0,17,5,840.14
12457.0,86,2,840.13
12878.0,236,2,839.09
17669.0,42,7,838.92
16714.0,317,1,838.88
15953.0,15,8,838.12
15500.0,8,4,837.13
17095.0,22,3,836.66
14083.0,4,8,835.63
14584.0,169,4,834.96
13363.0,17,2,834.89
15062.0,71,4,834.38
13376.0,99,3,834.31
12724.0,5,4,834.01
13515.0,72,4,833.82
15630.0,45,2,833.75
15907.0,3,3,833.25
17585.0,109,4,833.16
14138.0,1,2,832.38
14364.0,108,8,831.4
16121.0,57,2,829.96
15745.0,19,4,829.54
16013.0,7,6,829.1
12534.0,130,1,828.73
15874.0,63,7,828.05
14971.0,35,3,827.29
18168.0,176,6,824.18
16085.0,23,5,822.4
15832.0,254,1,821.49
14898.0,23,6,821.12
13122.0,240,1,821.1
12412.0,74,3,820.5
17175.0,44,4,820.18
18237.0,2,5,819.57
17302.0,14,5,818.98
13467.0,10,2,817.21
13082.0,126,8,816.6
17204.0,175,4,816.5
15329.0,39,3,815.95
16657.0,9,4,815.65
16728.0,46,4,815.17
15145.0,4,4,814.73
15073.0,9,3,814.45
17552.0,60,4,814.27
16644.0,177,2,813.88
15050.0,25,3,812.17
16899.0,7,6,812.11
16108.0,84,1,811.58
18094.0,81,6,810.92
13591.0,64,3,809.58
14859.0,12,4,807.34
18287.0,42,3,806.86
13246.0,18,5,804.71
16639.0,31,3,804.21
15434.0,8,5,803.86
16094.0,11,4,802.93
16493.0,79,4,802.8
12997.0,22,4,802.49
13566.0,40,2,802.16
15835.0,44,4,802.09
15004.0,147,1,801.66
15108.0,141,3,800.55
15608.0,60,3,800.16
14383.0,38,3,799.72
17097.0,2,8,799.72
14346.0,120,2,799.46
17288.0,9,6,799.45
14359.0,19,3,799.08
17703.0,35,3,798.74
14226.0,29,4,798.09
13155.0,33,4,796.26
15069.0,179,1,795.48
16987.0,3,6,794.64
12584.0,3,8,794.6
14231.0,183,3,793.26
14573.0,179,9,792.3
17731.0,79,4,791.86
15132.0,18,5,791.69
15022.0,11,3,790.32
13064.0,12,4,789.12
15485.0,30,3,788.76
13630.0,5,7,787.74
16394.0,56,5,786.44
16934.0,54,2,786.38
15088.0,21,2,785.92
12994.0,4,3,782.52
17649.0,138,1,781.49
14920.0,212,2,780.25
16880.0,30,7,779.52
17277.0,227,2,778.95
14775.0,58,3,778.62
15164.0,68,3,777.55
15707.0,35,4,777.36
17027.0,78,6,776.51
17921.0,64,4,775.67
14499.0,26,3,775.62
16525.0,2,18,774.49
18236.0,29,6,774.09
12717.0,151,2,774.03
15996.0,88,6,773.98
13151.0,295,1,773.27
14102.0,5,5,773.18
16979.0,3,6,772.53
15722.0,35,4,770.61
15787.0,26,3,767.35
15860.0,40,8,766.81
12910.0,23,6,766.0
15814.0,16,4,765.85
16877.0,12,6,764.87
14064.0,29,5,763.55
12919.0,8,6,762.41
16066.0,16,5,762.12
13564.0,354,2,761.42
13183.0,37,7,761.25
13203.0,9,4,759.08
17566.0,8,2,757.21
15312.0,75,4,756.25
13655.0,114,2,753.22
13336.0,77,1,752.8
16092.0,114,3,752.56
14440.0,8,4,752.18
13235.0,212,1,751.77
13782.0,12,6,751.56
17002.0,85,3,750.3
16833.0,1,4,749.88
12676.0,24,6,749.39
12550.0,79,1,748.88
15074.0,105,1,748.87
16438.0,5,5,748.6
14407.0,107,5,748.33
16249.0,52,4,747.69
17624.0,14,2,747.43
14050.0,31,2,746.36
15506.0,22,3,745.39
15712.0,9,4,743.3
12822.0,70,2,743.28
15644.0,166,4,741.55
13881.0,71,4,741.24
15252.0,36,2,740.78
14428.0,7,5,740.26
17236.0,12,6,739.98
15618.0,32,4,739.95
13280.0,122,3,739.85
12514.0,267,1,737.98
17537.0,29,2,737.56
14815.0,36,2,737.22
12680.0,0,4,736.97
17169.0,57,2,736.76
12794.0,53,2,736.11
13032.0,52,2,735.93
12857.0,210,2,735.6
17470.0,44,5,734.41
12446.0,57,1,734.36
13846.0,24,3,733.16
13118.0,19,5,732.78
17048.0,117,3,732.65
15978.0,77,1,732.34
16284.0,31,2,731.53
17214.0,60,6,730.07
17054.0,28,5,729.88
15965.0,17,4,729.77
16460.0,28,3,729.49
14862.0,25,2,727.62
18096.0,11,3,727.13
13294.0,189,2,726.39
14267.0,162,3,726.24
15508.0,189,6,726.13
13637.0,52,3,725.0
13429.0,10,4,724.09
14409.0,71,4,721.42
12541.0,29,3,721.38
13107.0,44,4,721.38
17203.0,35,6,721.01
15076.0,172,1,720.9
17754.0,0,5,720.56
15239.0,10,2,719.67
12599.0,29,7,719.38
15399.0,1,3,719.05
15807.0,50,2,718.9
15288.0,43,5,717.97
16980.0,255,2,717.61
16996.0,30,6,717.58
15464.0,338,1,717.45
14216.0,3,4,717.06
15505.0,52,4,716.98
16361.0,9,4,716.81
15156.0,1,3,714.99
13681.0,17,4,713.53
16701.0,8,10,713.39
16416.0,26,3,712.7
13109.0,59,2,712.2
14352.0,157,3,711.96
16012.0,35,3,711.32
14035.0,28,4,710.35
17287.0,26,7,709.51
13016.0,73,3,709.34
13549.0,25,7,709.25
12405.0,148,1,708.57
14657.0,17,4,707.37
16900.0,16,3,707.1
12453.0,134,1,707.09
16020.0,16,3,707.01
14488.0,67,1,706.18
13636.0,36,5,705.83
13867.0,31,3,704.74
17646.0,219,3,703.99
16554.0,42,3,703.2
17320.0,100,3,701.68
17405.0,1,3,701.16
12488.0,9,3,700.64
16367.0,37,2,700.58
16869.0,22,4,699.09
12545.0,75,2,698.8
18156.0,12,2,698.49
13476.0,178,2,697.67
16511.0,21,3,697.26
14223.0,92,3,696.96
16770.0,57,5,696.05
14081.0,302,2,695.05
17109.0,29,6,695.02
15952.0,33,4,694.7
13835.0,25,4,692.37
16801.0,163,4,691.85
13583.0,155,1,691.05
15289.0,29,3,689.46
16376.0,8,2,688.64
14141.0,2,4,688.48
17974.0,24,3,687.9
14514.0,61,3,687.6
14883.0,18,6,687.19
13882.0,2,5,686.34
14623.0,32,5,686.17
16270.0,353,1,685.99
17618.0,5,3,685.93
13720.0,116,4,685.8
13389.0,11,3,685.66
12652.0,331,1,685.48
17064.0,58,3,685.2
12399.0,119,4,684.6
15093.0,18,6,684.38
13991.0,12,6,684.33
15679.0,24,4,683.48
14154.0,239,2,682.92
17096.0,15,4,682.29
14758.0,144,4,681.82
15274.0,4,2,681.77
12619.0,16,8,681.02
17759.0,17,3,679.24
13956.0,5,5,678.54
15095.0,103,4,677.94
16222.0,318,1,677.92
13824.0,32,4,677.81
13040.0,8,2,676.99
13752.0,124,6,676.54
14234.0,22,4,675.76
12646.0,4,2,675.44
15799.0,75,3,675.44
13575.0,23,5,674.57
16470.0,51,4,674.52
17180.0,56,4,673.12
15855.0,136,5,672.64
16954.0,0,7,672.21
16221.0,36,3,672.08
17724.0,71,3,671.7
17472.0,191,3,668.89
16098.0,87,7,668.67
14625.0,196,2,668.48
12722.0,114,2,666.7
13314.0,1,3,666.69
12628.0,4,3,665.46
13339.0,200,1,664.42
15238.0,29,3,663.83
13662.0,85,3,663.56
12372.0,71,3,663.54
13694.0,3,16,663.09
13601.0,45,2,663.08
15582.0,24,3,663.01
13509.0,8,5,662.68
12379.0,81,2,660.24
13455.0,24,2,660.19
15747.0,12,3,658.49
16600.0,4,6,658.1
14193.0,67,2,657.95
15757.0,65,2,657.88
12462.0,18,2,657.8
17425.0,60,1,655.97
15211.0,60,2,655.91
13435.0,5,7,655.62
13884.0,7,4,655.45
17516.0,15,5,654.91
16891.0,1,5,653.7
15599.0,26,2,653.69
16214.0,170,3,653.45
13431.0,67,2,653.4
13340.0,45,6,652.51
12701.0,79,2,652.45
13854.0,24,16,651.39
12572.0,8,2,650.87
14829.0,29,4,650.83
16924.0,21,3,650.65
15489.0,22,3,650.39
14256.0,260,2,648.06
12815.0,147,2,648.06
15113.0,9,2,647.58
17777.0,24,3,647.41
14009.0,198,2,646.81
18073.0,114,11,646.1
17083.0,109,3,645.82
14451.0,60,2,645.59
13354.0,71,1,645.31
12422.0,95,3,645.31
17522.0,1,5,645.2
17521.0,29,3,644.99
17797.0,22,3,644.63
16494.0,296,1,642.81
12354.0,232,1,642.13
14475.0,71,3,641.41
15255.0,66,1,639.95
12679.0,283,1,639.86
17829.0,298,1,638.74
14188.0,30,6,637.26
17183.0,7,6,636.48
15116.0,17,4,636.32
12925.0,4,2,636.13
17764.0,50,2,635.62
17461.0,22,3,633.65
15525.0,2,3,633.62
14897.0,7,4,632.08
17061.0,73,7,630.5
16037.0,269,3,629.52
17387.0,19,2,629.12
12713.0,0,1,628.5
18192.0,71,1,628.02
16730.0,52,3,627.87
13034.0,54,2,627.82
15706.0,64,3,627.76
17527.0,53,4,626.86
14389.0,65,2,626.54
16209.0,88,4,625.48
14128.0,60,2,625.0
15297.0,10,3,624.94
15568.0,2,3,624.79
13495.0,7,5,622.62
14770.0,232,2,622.37
12465.0,17,2,621.49
14224.0,110,4,621.25
13596.0,5,2,619.84
17289.0,31,3,618.76
16539.0,2,4,617.21
15862.0,8,4,616.73
13240.0,96,4,616.7
12936.0,17,3,616.3
16261.0,17,4,615.38
17341.0,156,3,615.37
12772.0,59,1,615.32
13028.0,22,2,613.44
14875.0,107,2,612.95
15079.0,212,3,610.56
14959.0,64,4,609.54
16127.0,39,1,609.45
18265.0,72,2,609.11
13940.0,17,4,608.96
16054.0,145,1,608.56
14754.0,44,2,608.3
13516.0,72,2,607.91
16036.0,87,2,607.69
12421.0,15,4,607.57
16099.0,50,3,607.1
13464.0,58,1,606.73
16449.0,197,2,606.54
15182.0,154,2,605.85
17090.0,4,5,605.14
13370.0,371,1,604.75
13131.0,23,3,604.3
12600.0,28,9,603.92
13341.0,260,1,603.55
14869.0,8,2,603.27
14152.0,75,2,602.57
12697.0,28,3,602.46
17007.0,50,6,601.66
16725.0,302,6,601.23
18248.0,122,2,599.84
16806.0,103,4,598.39
17979.0,35,4,598.33
18136.0,63,3,597.53
14662.0,28,4,596.6
18171.0,58,5,596.48
16235.0,40,4,595.71
15407.0,33,4,594.94
16184.0,64,6,594.66
16362.0,32,5,594.56
13492.0,136,3,594.24
17311.0,78,2,593.84
16759.0,7,3,593.3
13639.0,74,1,593.24
14543.0,28,16,593.19
16203.0,58,4,592.9
17502.0,9,4,592.8
13375.0,88,1,592.18
16347.0,11,2,591.48
15800.0,107,2,590.88
16747.0,37,2,590.73
15919.0,19,2,589.44
18196.0,95,2,588.43
15763.0,31,2,587.87
14655.0,8,4,587.73
16949.0,3,6,587.72
16859.0,144,2,587.63
18022.0,35,1,587.11
16613.0,70,1,586.79
12838.0,33,2,586.48
16134.0,21,2,586.29
17075.0,17,4,585.52
18082.0,25,1,585.41
14529.0,60,3,584.39
13501.0,288,1,584.32
17373.0,40,4,584.07
15658.0,190,4,583.85
16009.0,43,2,583.8
15951.0,8,2,583.27
14923.0,50,1,582.8
12965.0,89,1,582.71
13707.0,267,2,581.36
17812.0,12,4,579.61
15977.0,17,2,579.32
17179.0,178,3,578.04
17597.0,213,1,577.98
14240.0,30,2,577.59
16788.0,123,2,577.38
14756.0,15,1,577.36
18102.0,1,9,577.25
15465.0,19,17,577.19
14222.0,177,1,576.5
17507.0,261,2,574.73
13430.0,18,2,574.25
14976.0,57,6,574.06
17135.0,16,4,573.67
15103.0,31,2,573.46
16560.0,26,2,573.46
16229.0,87,2,573.1
16766.0,273,2,572.6
15584.0,23,4,571.71
16062.0,9,4,571.52
15104.0,196,2,571.49
18079.0,45,3,570.91
15656.0,45,4,569.4
14075.0,4,3,569.18
16311.0,17,2,568.89
14629.0,4,2,568.66
14664.0,19,2,568.24
13518.0,85,1,567.72
14931.0,4,4,567.68
16015.0,3,3,567.4
16431.0,213,3,567.21
14179.0,40,2,566.88
12577.0,35,3,566.7
18150.0,32,3,566.58
13736.0,5,2,566.05
12458.0,71,2,565.58
13607.0,40,1,565.56
14441.0,0,4,563.64
13037.0,138,3,562.77
16014.0,37,3,562.63
15626.0,74,2,562.56
14412.0,42,2,562.33
13030.0,11,2,561.88
13200.0,21,3,561.37
14651.0,67,2,561.15
13558.0,5,4,561.11
17105.0,159,2,560.98
18151.0,134,2,560.7
14715.0,24,4,559.93
17884.0,3,4,559.6
16456.0,99,5,559.32
14692.0,137,4,558.55
16491.0,46,1,558.44
12642.0,25,3,558.25
16266.0,73,7,557.99
15581.0,156,10,557.73
16907.0,29,5,557.24
16131.0,51,4,555.32
14790.0,16,4,554.46
17642.0,119,2,554.29
13900.0,192,2,553.95
13546.0,12,3,553.29
18228.0,56,2,552.85
16212.0,19,2,552.09
17459.0,43,2,551.99
15700.0,172,2,551.43
15743.0,16,4,551.31
15898.0,1,5,551.06
15066.0,53,1,549.79
12640.0,24,2,549.77
17994.0,121,4,549.43
16023.0,46,3,548.86
13356.0,80,1,548.59
14533.0,24,6,548.52
13199.0,7,14,548.34
14710.0,14,4,548.28
16469.0,23,4,548.18
17664.0,18,2,547.94
17397.0,22,2,547.36
17796.0,40,4,546.35
16139.0,18,3,546.31
14631.0,50,3,546.22
12413.0,66,3,545.2
17299.0,11,4,544.75
14344.0,127,8,544.73
14553.0,19,5,543.62
14880.0,77,3,540.69
15480.0,116,1,539.65
15511.0,11,5,539.63
15192.0,119,3,539.4
14442.0,204,2,538.87
13396.0,29,2,537.57
15322.0,85,1,536.1
13753.0,287,1,536.06
16136.0,59,3,535.94
14020.0,16,2,534.26
16208.0,44,2,534.06
14672.0,234,2,534.02
18232.0,81,4,533.57
15433.0,213,2,533.3
12653.0,148,2,532.7
14467.0,17,4,532.51
16383.0,74,2,532.24
12434.0,84,2,532.24
16306.0,213,6,532.07
17653.0,38,3,531.22
14560.0,16,13,530.67
15366.0,75,2,529.94
12940.0,54,2,529.47
14592.0,35,3,528.81
15339.0,66,2,528.71
16164.0,17,3,528.6
17734.0,53,3,528.31
16043.0,37,4,527.94
13838.0,5,4,527.58
14636.0,36,2,527.29
14753.0,87,1,526.75
17692.0,127,4,526.44
16573.0,84,2,525.96
12728.0,71,4,525.73
14167.0,39,4,525.09
15987.0,12,5,524.95
17115.0,8,3,524.1
13557.0,28,2,524.06
16309.0,106,2,523.97
17890.0,322,2,523.77
14044.0,26,4,523.52
15053.0,4,3,523.43
12657.0,11,3,523.4
17864.0,12,3,523.28
14871.0,3,4,522.38
16969.0,39,3,522.2
13379.0,26,3,521.36
16774.0,67,4,520.82
12513.0,112,1,520.04
12944.0,35,2,519.81
12723.0,3,4,519.13
14273.0,51,4,518.37
14261.0,78,1,517.99
15829.0,99,2,517.82
12556.0,50,2,517.81
14323.0,114,2,517.66
14176.0,297,4,517.2
16205.0,30,4,517.08
17466.0,10,2,516.88
16230.0,189,2,516.53
12901.0,10,13,516.25
13355.0,122,1,516.0
18217.0,29,2,515.67
15990.0,44,2,514.81
13212.0,19,3,513.73
15414.0,9,3,513.69
15384.0,169,2,513.31
13799.0,116,2,513.16
12883.0,24,4,512.87
18183.0,227,2,512.87
13959.0,79,3,512.75
13077.0,1,4,512.1
16916.0,23,2,512.03
16418.0,44,3,511.82
13731.0,219,2,511.59
15624.0,116,4,511.5
16902.0,116,1,511.39
16444.0,46,4,510.87
17265.0,138,2,510.1
16513.0,19,1,509.34
16672.0,2,9,509.1
15417.0,85,1,508.8
13221.0,240,2,508.76
13301.0,103,4,507.74
17259.0,148,2,507.47
14504.0,47,4,507.21
16022.0,260,1,506.93
16005.0,12,4,506.74
13888.0,119,2,505.98
13548.0,96,2,505.34
14284.0,30,2,505.3
12468.0,187,2,505.19
12942.0,131,3,505.0
15353.0,254,2,504.77
14198.0,18,4,504.6
15533.0,19,3,504.42
13951.0,176,3,504.09
16232.0,43,4,503.83
14006.0,115,3,503.6
15452.0,29,3,503.08
14127.0,122,3,503.01
16442.0,1,3,502.69
15272.0,57,2,502.26
17883.0,3,4,500.77
14918.0,115,2,500.39
17990.0,236,3,500.34
12764.0,316,1,500.33
17006.0,4,4,499.98
17720.0,26,3,499.94
13914.0,11,2,499.53
12654.0,10,5,499.33
18160.0,57,2,499.06
12719.0,5,2,498.55
12638.0,33,1,498.25
12784.0,15,1,497.07
13934.0,263,1,497.05
17360.0,17,3,496.84
15677.0,49,1,496.78
14023.0,7,2,496.22
13236.0,24,2,496.21
14904.0,2,2,495.92
12658.0,18,1,495.8
15795.0,149,1,495.52
16268.0,71,2,495.2
16419.0,112,6,495.05
16567.0,194,2,494.8
16352.0,17,2,494.44
15244.0,65,2,494.37
15215.0,46,3,494.24
16561.0,5,2,494.12
12849.0,31,2,493.85
13238.0,23,3,493.68
17062.0,313,4,493.04
15903.0,26,4,492.84
13496.0,10,2,492.83
12624.0,106,2,492.78
12778.0,19,6,492.49
13357.0,257,1,492.15
13732.0,28,1,491.86
12356.0,245,2,491.06
17230.0,264,6,490.7
16056.0,45,1,490.0
15985.0,123,2,489.98
16882.0,66,3,489.87
16086.0,59,5,489.58
18061.0,107,7,489.49
12571.0,39,2,489.37
12535.0,91,2,488.75
17411.0,12,3,488.7
16960.0,38,3,486.65
17447.0,40,2,485.97
14778.0,127,2,485.26
14108.0,30,2,484.96
16357.0,33,3,484.08
13402.0,127,2,483.73
17460.0,94,4,483.68
15841.0,72,4,483.52
12475.0,53,1,483.34
14450.0,180,3,483.25
13730.0,135,2,482.95
15762.0,65,2,482.95
15694.0,8,9,481.0
14356.0,79,2,480.93
15611.0,9,10,480.39
16340.0,107,1,480.2
13243.0,203,1,480.02
12374.0,25,1,479.71
12478.0,3,1,479.59
17368.0,23,7,478.49
15415.0,313,1,478.29
17119.0,3,2,477.79
14867.0,185,3,477.22
12693.0,127,4,476.51
16216.0,267,1,476.28
18211.0,25,5,475.47
15315.0,64,2,475.22
17555.0,19,2,474.76
13675.0,151,2,473.38
15275.0,37,1,473.29
16185.0,16,2,473.26
16667.0,68,2,472.93
17480.0,77,1,472.22
17733.0,38,2,471.63
13167.0,18,4,470.16
12415.0,36,8,469.6
13963.0,308,4,469.02
16364.0,11,2,468.89
13643.0,31,3,468.44
14891.0,148,2,468.1
12510.0,142,2,467.65
12425.0,78,1,467.34
13939.0,23,3,466.37
17242.0,108,2,466.24
16603.0,74,2,465.97
16734.0,52,3,465.91
18121.0,149,2,465.84
12872.0,326,2,465.82
17557.0,14,3,465.61
15655.0,243,1,465.57
12933.0,24,3,465.47
15574.0,177,4,465.26
15492.0,28,2,465.14
18167.0,23,3,465.0
13499.0,29,4,464.69
13692.0,24,2,464.64
14965.0,96,1,464.55
17637.0,31,2,464.51
16811.0,4,2,464.23
12847.0,22,1,463.39
14201.0,60,7,463.24
13989.0,65,2,462.21
16140.0,65,2,461.34
12991.0,23,2,461.26
15576.0,37,1,460.63
17499.0,289,1,460.1
13278.0,40,1,459.86
14539.0,15,2,459.76
14133.0,129,3,459.69
15830.0,37,1,459.5
16589.0,71,3,459.24
14382.0,26,1,459.16
15754.0,51,3,458.57
15246.0,238,2,458.1
14320.0,206,2,457.89
12521.0,142,1,457.43
13819.0,301,3,457.35
15027.0,30,4,456.95
14062.0,9,6,456.93
18043.0,24,3,456.81
12739.0,99,1,456.6
16384.0,89,2,456.3
17623.0,32,1,455.45
13822.0,5,2,454.8
15300.0,64,1,454.44
17144.0,1,2,453.78
15068.0,46,2,453.45
16718.0,369,1,453.43
18158.0,9,2,453.4
15939.0,89,11,453.24
15467.0,9,3,453.13
15270.0,117,4,452.65
13388.0,131,2,452.35
13812.0,42,3,452.1
17454.0,192,4,451.88
15756.0,61,4,451.86
17873.0,80,5,451.82
15006.0,51,1,451.74
14036.0,284,1,451.25
14396.0,65,2,451.09
18170.0,33,3,450.91
12906.0,11,3,449.62
16898.0,26,3,449.32
16504.0,25,1,449.01
13810.0,28,2,448.66
16116.0,211,1,446.98
16495.0,3,2,446.81
16146.0,203,2,446.73
15091.0,67,1,446.71
13539.0,85,3,446.52
12426.0,194,1,446.08
15031.0,4,4,445.84
16804.0,23,3,445.84
12808.0,36,3,445.7
17420.0,50,3,445.48
17631.0,1,3,445.29
17806.0,11,1,445.11
15303.0,290,1,444.42
13617.0,40,3,444.04
13211.0,10,3,443.82
15000.0,47,1,443.42
14338.0,196,1,443.2
15208.0,1,5,442.57
17114.0,5,8,442.17
17520.0,53,1,441.29
13918.0,49,2,440.9
13023.0,64,2,439.86
13800.0,309,1,439.82
17333.0,85,1,439.53
16385.0,60,3,439.44
12678.0,42,6,439.19
16863.0,31,2,438.88
13865.0,58,4,437.81
13728.0,36,6,437.44
14593.0,21,3,436.79
14675.0,16,1,436.4
15648.0,204,2,435.65
16031.0,92,2,435.09
15550.0,4,4,434.78
13248.0,124,2,434.21
15645.0,18,1,433.69
14489.0,207,1,433.5
13705.0,7,3,433.38
17495.0,7,2,432.26
16038.0,7,3,431.98
16206.0,54,4,431.91
13397.0,72,4,431.64
13721.0,36,1,431.34
16943.0,211,3,431.18
14788.0,7,2,431.07
16141.0,88,1,430.7
15573.0,31,2,430.56
13894.0,23,2,430.55
17321.0,67,1,430.44
13233.0,74,2,430.4
13368.0,256,2,430.18
16359.0,7,8,429.36
13878.0,54,1,429.27
13726.0,38,2,429.12
17014.0,8,3,428.88
13868.0,38,1,428.37
16008.0,23,3,428.26
12391.0,21,1,428.11
17579.0,4,3,427.65
14113.0,3,4,427.62
12479.0,11,1,426.35
15822.0,3,2,426.12
17540.0,24,2,426.1
17423.0,46,2,425.29
15205.0,85,2,425.25
12743.0,134,2,425.23
13258.0,11,3,425.03
18104.0,37,1,424.64
14820.0,21,4,423.79
15721.0,11,1,423.78
17584.0,7,2,423.4
16025.0,29,1,423.16
15720.0,24,1,423.03
17290.0,3,2,422.72
14335.0,16,2,422.6
13524.0,40,5,422.54
16345.0,44,1,421.76
14233.0,49,4,421.66
17232.0,2,2,421.52
14149.0,220,1,421.12
14093.0,12,1,420.89
12673.0,5,2,420.62
16070.0,22,2,419.79
12842.0,70,2,419.71
14645.0,156,2,419.42
13046.0,30,2,419.11
12461.0,154,1,419.08
18176.0,358,1,419.05
14896.0,204,2,418.82
13350.0,16,2,418.77
16602.0,36,1,418.25
15478.0,40,2,417.71
16475.0,143,3,417.7
12589.0,28,2,417.28
15539.0,7,1,417.26
17779.0,21,3,417.16
12644.0,129,1,417.12
12811.0,261,2,416.55
14851.0,23,2,416.55
16820.0,95,1,415.94
12993.0,23,4,414.76
16750.0,44,5,414.13
13823.0,18,2,413.9
15589.0,255,3,413.73
13974.0,49,1,413.59
17545.0,43,3,413.58
16834.0,227,1,413.46
14157.0,19,2,412.72
15197.0,10,3,412.11
15364.0,95,2,412.07
16272.0,116,1,411.7
13925.0,92,4,411.1
14481.0,164,2,411.05
12667.0,58,1,410.23
17695.0,131,2,409.94
17564.0,24,3,409.36
13743.0,2,7,409.2
16574.0,71,1,409.14
17930.0,35,5,409.08
16553.0,205,4,408.8
14725.0,24,1,408.33
12390.0,79,1,407.74
18085.0,330,2,407.35
15475.0,77,1,406.31
14465.0,246,3,405.97
16204.0,23,1,405.71
13741.0,71,3,405.63
18036.0,32,3,405.62
17897.0,172,3,405.35
15448.0,312,1,405.04
15891.0,226,1,404.61
14670.0,280,2,403.58
15038.0,58,6,403.29
17712.0,44,1,403.21
17515.0,31,4,403.17
13385.0,329,1,403.07
12691.0,58,4,402.8
16374.0,66,2,402.58
17888.0,59,6,402.47
15780.0,183,3,402.08
17429.0,128,3,401.72
16643.0,245,1,401.31
16816.0,103,4,401.16
17146.0,263,2,400.98
14780.0,54,2,400.88
12694.0,70,2,400.82
17295.0,28,3,400.12
14048.0,305,1,399.85
15585.0,176,1,399.8
15121.0,50,2,399.07
13602.0,64,1,398.65
12508.0,26,2,398.27
17370.0,72,4,398.22
16706.0,37,3,398.1
12802.0,186,1,397.58
15669.0,40,4,397.4
14158.0,40,1,397.38
13594.0,52,1,396.97
15821.0,44,2,396.86
14022.0,225,1,396.8
15402.0,148,2,396.39
15110.0,23,4,396.0
12631.0,57,1,396.0
14013.0,110,3,395.98
15602.0,8,7,395.9
14331.0,124,2,395.76
12793.0,334,2,395.48
16103.0,79,4,395.3
15125.0,113,6,395.04
15963.0,19,2,394.76
13950.0,11,4,394.7
17345.0,15,4,393.79
15264.0,64,1,393.74
16584.0,80,2,393.68
15930.0,67,1,393.63
13414.0,133,2,392.58
16884.0,37,2,392.46
12987.0,73,2,392.45
16795.0,365,1,392.18
13623.0,30,5,392.05
13044.0,291,1,391.72
15342.0,129,1,391.14
15553.0,60,1,390.93
13885.0,189,2,390.2
14818.0,73,3,390.05
16324.0,128,3,389.98
16780.0,100,2,389.74
12930.0,78,2,389.61
15813.0,207,2,389.26
18123.0,24,2,389.16
15450.0,30,1,388.94
17880.0,364,1,387.82
14420.0,99,1,387.52
14001.0,45,3,387.2
12616.0,95,2,386.8
15258.0,168,2,386.76
18252.0,50,2,385.67
12827.0,5,3,385.6
16298.0,22,3,385.2
17749.0,178,2,384.75
17704.0,168,2,384.69
15651.0,36,3,384.66
16535.0,5,1,384.63
14973.0,107,3,384.28
14078.0,101,6,384.27
16982.0,60,1,384.06
13398.0,192,1,383.57
14567.0,56,2,383.4
14720.0,5,3,383.16
17503.0,2,2,382.85
12427.0,21,3,382.66
15725.0,15,1,382.25
13000.0,259,2,382.16
15147.0,240,1,382.0
16732.0,31,1,381.63
14644.0,67,2,381.02
16616.0,15,2,380.92
16825.0,38,2,379.88
12447.0,243,1,379.79
12580.0,246,1,379.7
13506.0,316,2,379.45
15976.0,165,2,379.08
13292.0,38,2,378.85
17398.0,114,3,378.78
15468.0,51,1,377.91
12922.0,161,1,377.3
15036.0,72,3,377.1
13276.0,63,2,377.08
17486.0,261,1,376.97
16484.0,173,2,376.8
12982.0,242,1,376.5
16518.0,61,2,376.07
16551.0,95,3,375.98
12707.0,291,1,375.82
14317.0,64,1,375.58
16892.0,1,5,375.34
12735.0,315,2,375.07
14910.0,2,4,374.65
14164.0,80,1,374.4
16955.0,184,4,373.87
16250.0,261,2,373.54
15967.0,23,2,373.43
16233.0,71,2,373.38
17282.0,173,2,373.2
14289.0,8,6,373.06
12981.0,29,2,372.22
13300.0,169,1,371.89
12725.0,371,1,371.8
15877.0,1,2,371.63
15806.0,46,3,371.22
15471.0,2,1,371.13
15975.0,84,1,371.01
13831.0,16,3,370.77
15386.0,186,1,370.74
16968.0,4,2,370.73
17711.0,10,2,369.8
13936.0,179,1,369.74
18071.0,257,2,369.4
13933.0,109,2,369.39
18205.0,36,2,369.26
16010.0,245,3,369.15
16681.0,77,5,369.04
15456.0,283,3,368.8
17874.0,185,6,368.77
14002.0,134,2,368.6
17404.0,25,6,368.14
13816.0,23,2,367.32
13038.0,80,3,366.76
12832.0,32,2,366.53
16236.0,78,1,366.5
16693.0,68,2,366.01
14229.0,51,3,365.44
16805.0,173,2,365.31
16708.0,45,1,365.23
17950.0,72,3,365.15
17739.0,38,6,364.79
15646.0,157,3,364.57
15081.0,22,5,363.7
15636.0,89,2,363.46
14130.0,319,1,363.41
13405.0,74,3,363.35
15165.0,373,1,362.7
17489.0,58,2,361.52
16354.0,63,2,361.4
16305.0,138,1,361.22
15012.0,53,2,361.19
13487.0,57,3,361.1
18154.0,3,2,360.94
18216.0,31,1,360.85
12729.0,113,1,360.71
16480.0,75,1,359.57
16441.0,67,2,358.75
14937.0,56,2,358.44
15232.0,113,2,358.06
15695.0,266,2,357.81
13066.0,24,2,357.75
16824.0,15,2,357.74
14550.0,10,2,357.64
17431.0,313,1,357.4
15889.0,156,2,357.07
16536.0,110,1,357.02
14998.0,170,2,356.87
12970.0,7,4,356.82
12601.0,189,5,356.51
16142.0,249,1,356.04
17198.0,23,3,354.97
14739.0,19,6,353.28
15028.0,8,4,352.94
15349.0,158,2,352.36
14894.0,85,1,351.8
15831.0,58,3,351.74
12904.0,18,2,351.73
16084.0,299,1,351.68
18155.0,75,3,351.46
15900.0,23,1,351.11
12913.0,4,5,351.05
12491.0,38,1,350.75
12592.0,92,2,350.6
17379.0,11,1,350.26
13140.0,108,3,349.92
15186.0,14,2,349.85
17418.0,42,2,349.76
12498.0,21,3,349.7
15025.0,33,1,349.61
13166.0,283,1,349.6
15949.0,16,2,349.6
12649.0,107,3,349.55
17432.0,18,2,349.36
13165.0,46,2,349.28
17392.0,306,2,349.26
13035.0,73,2,349.2
17886.0,31,3,349.16
13282.0,18,3,348.94
13176.0,46,1,348.78
15957.0,31,1,348.64
17197.0,29,1,348.46
14708.0,2,2,348.39
17033.0,86,3,348.36
15883.0,2,2,348.28
13497.0,282,2,348.05
15075.0,77,1,347.62
17358.0,303,2,347.4
15980.0,88,2,347.4
16529.0,190,1,347.4
18034.0,21,2,347.04
14873.0,210,1,346.93
14034.0,22,3,346.77
14731.0,47,3,346.13
12363.0,109,2,345.78
13615.0,318,1,345.33
13844.0,11,1,345.12
12866.0,283,1,344.92
12740.0,63,1,344.8
15225.0,234,1,344.7
16906.0,81,4,344.26
15026.0,80,3,343.75
12809.0,177,1,343.41
17508.0,280,1,343.06
17614.0,57,1,342.97
12593.0,108,3,342.6
17913.0,58,2,342.34
16122.0,73,4,342.18
16595.0,61,1,341.96
14270.0,331,1,341.65
16654.0,141,4,341.37
17101.0,51,2,341.28
17361.0,49,2,340.85
12420.0,63,1,340.7
13759.0,71,1,340.59
18181.0,24,1,340.35
13173.0,4,2,340.21
16950.0,56,2,340.2
18040.0,19,2,340.2
14379.0,44,2,340.15
16947.0,235,1,339.48
18259.0,85,2,339.1
17839.0,42,1,338.8
15334.0,156,3,338.77
13291.0,155,1,338.41
16885.0,15,3,338.41
13332.0,14,1,338.4
16629.0,73,2,338.05
16368.0,2,2,337.79
16389.0,53,4,337.61
18164.0,37,1,337.4
15870.0,32,1,337.34
14047.0,8,4,337.2
16903.0,29,1,336.84
17999.0,37,2,336.46
17573.0,29,3,336.44
12564.0,261,1,336.15
16034.0,196,3,335.7
12617.0,29,1,335.63
14497.0,309,1,335.52
16063.0,260,1,335.32
15472.0,113,1,335.16
12895.0,42,2,335.05
17964.0,31,2,334.74
15918.0,190,2,334.23
13247.0,22,3,333.6
14265.0,109,2,333.43
13670.0,75,1,333.2
17375.0,199,3,333.06
12493.0,165,2,332.91
13904.0,37,2,332.64
16803.0,65,1,332.3
13919.0,59,2,331.86
15406.0,31,2,331.79
12394.0,217,1,331.18
15768.0,115,3,331.03
14272.0,73,2,330.2
15130.0,169,1,330.11
15047.0,269,1,329.7
12792.0,256,1,329.59
12579.0,78,1,329.12
13817.0,29,2,328.98
14888.0,207,1,328.7
13748.0,95,4,328.7
15213.0,318,2,328.35
16776.0,60,1,328.33
16083.0,100,2,327.98
15522.0,32,2,327.5
15109.0,245,1,327.15
15142.0,46,1,327.02
16642.0,4,2,326.83
14400.0,149,1,326.48
13572.0,205,1,326.23
15571.0,11,4,326.0
12844.0,29,2,325.96
16830.0,38,1,325.91
12639.0,238,1,325.3
14886.0,252,1,325.0
16399.0,19,2,324.75
15466.0,85,1,324.58
15597.0,35,1,324.57
17917.0,45,3,324.33
17462.0,60,2,324.08
13351.0,66,1,323.94
14150.0,35,2,323.38
13005.0,173,2,323.3
12591.0,317,1,323.1
16065.0,365,1,322.79
13821.0,144,2,321.89
15429.0,26,2,321.68
15809.0,36,4,321.4
17324.0,17,4,321.09
16546.0,290,2,321.05
15520.0,1,1,320.7
12890.0,24,1,320.38
13656.0,164,2,319.79
17052.0,28,1,319.74
18067.0,40,1,319.03
13427.0,19,3,318.94
14620.0,205,2,318.54
14703.0,14,1,318.17
17031.0,11,2,317.95
15840.0,58,2,317.8
13923.0,53,1,317.63
12769.0,238,1,317.34
16850.0,333,1,317.29
14850.0,311,1,317.25
16119.0,8,2,317.16
15243.0,74,1,316.68
12824.0,59,1,316.42
13352.0,60,1,316.18
14690.0,44,2,316.05
12988.0,292,1,315.67
15032.0,256,2,315.25
16091.0,154,2,315.06
14163.0,87,4,314.71
15592.0,46,1,314.66
14757.0,75,1,314.38
18261.0,43,2,314.29
12418.0,112,1,314.21
13774.0,81,1,314.15
15314.0,199,1,314.05
17976.0,372,1,314.04
14220.0,247,2,313.97
12582.0,238,2,313.92
16135.0,262,1,313.7
13323.0,3,5,313.55
16838.0,197,2,313.34
16030.0,309,1,312.85
12500.0,49,6,312.49
15326.0,333,1,311.71
17795.0,179,2,311.48
15865.0,40,3,311.38
15230.0,240,1,310.8
16343.0,16,2,310.78
16157.0,15,3,310.55
16378.0,247,3,309.85
17926.0,133,2,309.23
16674.0,54,2,309.21
17229.0,96,2,308.81
14171.0,98,1,308.44
12365.0,291,1,307.94
13954.0,1,2,307.82
17035.0,245,2,307.48
15440.0,54,3,307.18
16275.0,196,1,307.12
13359.0,63,1,307.06
16322.0,1,2,306.85
13928.0,10,4,306.47
15880.0,369,1,306.43
16967.0,189,1,305.1
17595.0,12,2,304.94
13358.0,268,1,304.71
14014.0,77,1,304.42
16624.0,80,2,304.19
14470.0,11,2,303.99
15561.0,11,4,303.99
14431.0,302,1,303.66
12976.0,211,1,303.6
16159.0,281,1,303.2
15872.0,14,2,302.93
14206.0,239,1,302.66
17483.0,65,3,302.44
13026.0,1,4,302.28
17506.0,75,1,302.2
14484.0,50,1,301.76
15148.0,10,1,301.29
16625.0,274,1,300.68
17458.0,15,1,300.4
15837.0,64,1,300.23
13345.0,287,1,299.7
14902.0,25,1,299.66
16071.0,44,1,299.29
17252.0,116,2,299.26
17970.0,211,1,299.13
17154.0,75,1,299.1
16933.0,1,2,299.09
14421.0,57,2,298.86
17222.0,65,1,298.5
14024.0,121,2,298.45
17551.0,359,1,298.34
17678.0,263,1,298.11
13899.0,16,2,297.92
13802.0,138,3,297.82
13930.0,57,2,297.74
15789.0,358,1,297.66
15507.0,171,1,296.76
16404.0,70,1,296.45
13494.0,311,1,296.1
16499.0,360,2,294.55
16978.0,77,1,294.43
12350.0,310,1,294.4
17911.0,9,1,294.35
13887.0,204,1,293.95
16930.0,26,3,293.83
18056.0,288,1,293.7
13210.0,93,1,293.0
13990.0,213,1,292.58
16721.0,262,1,292.47
13927.0,74,1,292.39
17070.0,114,1,292.24
12833.0,145,1,292.03
13449.0,23,1,291.88
13116.0,138,1,291.29
13706.0,302,1,290.89
14021.0,155,2,290.8
14729.0,373,1,290.79
18081.0,36,3,290.58
13417.0,4,2,290.48
16488.0,33,3,290.3
13372.0,89,1,290.04
16999.0,23,2,289.92
16211.0,88,1,289.62
14012.0,277,1,289.2
16650.0,71,1,288.78
14622.0,184,1,288.78
17138.0,275,1,288.3
12596.0,51,2,288.27
15133.0,127,3,288.26
14205.0,16,2,288.2
15184.0,29,2,288.01
17835.0,2,3,287.94
16386.0,28,2,287.7
12452.0,16,1,287.67
13892.0,64,2,287.61
16763.0,198,1,287.45
17034.0,16,3,287.26
13760.0,54,2,286.79
17770.0,198,3,286.57
15643.0,191,3,286.45
12384.0,28,2,286.32
16198.0,75,1,286.28
16855.0,23,2,285.8
13727.0,28,2,285.78
17636.0,19,1,285.56
15535.0,173,4,285.3
12544.0,36,1,284.9
13569.0,17,2,284.6
17329.0,14,2,284.4
15048.0,65,4,284.35
13485.0,233,1,284.04
16239.0,56,2,284.0
12448.0,44,1,283.95
18095.0,312,2,283.8
16372.0,33,2,283.68
17438.0,253,1,283.05
18053.0,70,1,283.02
17510.0,24,1,282.98
14350.0,274,1,282.93
17227.0,18,6,282.76
16621.0,51,4,282.71
16851.0,4,3,282.69
13177.0,64,1,282.45
18062.0,173,3,282.45
16292.0,121,1,282.35
15469.0,50,2,282.1
16366.0,18,1,281.9
13579.0,14,2,281.69
14538.0,64,2,281.25
13629.0,142,1,281.01
14142.0,373,1,280.95
16193.0,236,1,280.63
15092.0,215,2,279.61
16826.0,51,1,279.45
16485.0,77,1,279.35
13873.0,119,3,279.05
14912.0,16,2,278.77
14139.0,46,1,278.28
13253.0,156,2,278.16
15847.0,38,2,278.04
15054.0,12,2,277.95
14762.0,263,1,277.12
13803.0,255,1,277.07
12733.0,234,1,276.85
15060.0,8,4,276.34
17362.0,239,2,276.28
13343.0,177,1,275.93
15018.0,38,3,275.36
15901.0,16,3,275.1
14067.0,63,2,275.04
17783.0,72,2,274.97
12787.0,9,3,274.66
12715.0,106,1,273.86
12999.0,205,2,273.78
17621.0,21,3,273.7
16174.0,126,2,273.4
14594.0,7,2,273.28
13439.0,255,1,273.27
14824.0,10,4,273.06
16727.0,364,1,272.82
15969.0,2,3,272.7
13853.0,57,1,272.16
14459.0,155,1,271.6
16400.0,94,1,271.08
17011.0,30,1,270.9
18250.0,310,1,270.62
15363.0,372,1,270.5
13242.0,112,3,270.4
13708.0,271,1,270.01
16823.0,227,1,269.68
17968.0,373,1,269.4
16555.0,35,2,269.39
16325.0,46,3,268.84
15609.0,184,1,268.78
16423.0,24,1,268.78
13642.0,215,1,268.55
17433.0,88,1,268.26
14077.0,78,4,268.25
14985.0,198,2,268.08
16648.0,42,1,267.26
17124.0,185,1,267.09
13092.0,70,5,266.61
17604.0,217,2,266.02
12816.0,95,2,265.9
13889.0,92,1,265.7
12703.0,71,1,265.55
17189.0,106,2,265.55
16318.0,35,1,265.15
13863.0,247,1,264.88
12945.0,288,1,264.25
12852.0,294,1,264.15
17765.0,158,3,263.83
14619.0,245,1,263.74
17523.0,11,2,263.43
14555.0,57,2,263.3
15010.0,35,1,263.19
15090.0,308,1,263.12
16052.0,54,1,262.98
17767.0,15,1,262.95
16297.0,268,1,262.34
13171.0,21,3,261.51
14288.0,213,1,261.0
13504.0,64,1,260.48
17255.0,40,2,260.38
13121.0,269,1,260.36
14988.0,211,1,260.29
15127.0,65,1,260.13
12763.0,369,1,260.08
13245.0,50,1,259.85
14951.0,79,1,259.52
17501.0,220,2,259.35
15071.0,93,2,259.22
13127.0,77,1,259.17
15424.0,254,2,259.14
12538.0,29,1,258.75
18127.0,19,3,258.74
17697.0,236,1,258.65
17708.0,187,2,258.58
15885.0,93,1,258.55
13259.0,61,1,258.32
13667.0,149,1,258.17
13897.0,50,1,258.06
13673.0,18,2,257.77
15994.0,54,1,257.65
15782.0,9,3,257.52
18035.0,35,3,257.44
16915.0,9,5,257.3
18159.0,301,1,257.25
15654.0,9,2,257.01
16796.0,89,1,256.12
13589.0,14,2,256.05
17403.0,36,1,255.87
16479.0,10,2,255.63
16183.0,67,1,255.31
12648.0,154,1,255.3
17931.0,134,2,255.0
15781.0,25,3,254.91
15261.0,135,1,254.82
15912.0,178,2,254.67
17004.0,46,2,254.24
15254.0,127,1,253.32
15287.0,22,2,253.29
12519.0,63,1,252.84
18222.0,92,1,252.75
14479.0,253,2,252.65
15346.0,332,1,252.42
12532.0,30,1,252.33
13917.0,49,2,252.14
14348.0,260,1,251.97
17694.0,141,1,251.92
18006.0,23,1,251.53
18218.0,211,2,251.4
13395.0,185,1,251.28
16149.0,4,2,251.24
14501.0,183,2,251.21
17385.0,14,1,251.16
17496.0,358,1,251.1
13649.0,256,2,250.45
17244.0,53,1,249.93
17251.0,362,1,249.28
17046.0,157,1,248.6
16473.0,164,3,248.6
17235.0,25,2,248.5
13410.0,24,4,248.34
14339.0,242,1,248.32
13239.0,261,1,247.57
16668.0,15,6,247.56
16202.0,360,1,247.52
13874.0,358,1,247.45
13563.0,84,2,247.33
13780.0,7,2,247.31
16413.0,56,1,247.25
17936.0,5,1,247.24
13801.0,66,1,247.1
16723.0,107,1,246.99
13533.0,182,3,246.94
16936.0,25,1,246.89
15517.0,233,1,246.72
14285.0,21,4,246.38
17221.0,7,2,246.31
14184.0,66,1,245.59
17905.0,156,3,244.94
13304.0,351,1,244.85
15223.0,225,2,244.75
17134.0,106,2,244.15
16682.0,4,5,243.66
16104.0,61,1,243.56
16147.0,133,1,243.08
14342.0,21,4,243.0
17691.0,358,2,242.7
13473.0,60,2,242.36
14375.0,185,1,241.78
13091.0,28,1,241.48
15557.0,28,1,241.4
13745.0,162,1,241.36
13626.0,252,1,241.33
14656.0,169,2,240.95
12962.0,7,2,240.89
17867.0,30,3,240.77
15279.0,354,1,240.45
13565.0,19,2,240.22
17250.0,3,2,240.17
17266.0,2,3,240.09
13827.0,57,3,239.9
12781.0,63,2,239.64
15143.0,225,1,239.55
13955.0,154,2,239.31
15019.0,266,1,239.05
15115.0,18,1,238.81
15099.0,84,1,238.7
17786.0,85,2,238.67
16614.0,182,1,238.29
18144.0,30,7,238.15
14628.0,91,2,238.11
17914.0,3,1,237.75
15938.0,112,5,237.58
16018.0,39,2,237.54
15318.0,3,1,237.5
18059.0,23,3,237.46
17051.0,194,1,237.19
13790.0,4,1,236.84
15153.0,31,1,236.82
14600.0,305,1,236.43
17254.0,4,2,236.29
12604.0,79,2,236.18
16026.0,43,1,236.09
18173.0,86,4,235.96
16500.0,4,5,235.86
17824.0,51,1,235.84
13083.0,4,2,235.8
17498.0,75,1,235.74
13531.0,205,2,235.5
14633.0,266,1,235.4
12690.0,205,1,235.11
17223.0,310,2,234.99
13740.0,240,1,234.71
12410.0,308,1,234.63
16848.0,52,1,234.62
14618.0,9,3,234.6
18001.0,12,2,234.47
16961.0,116,1,234.17
12424.0,162,2,233.92
13348.0,64,1,233.76
16583.0,373,1,233.45
17248.0,120,1,233.3
15545.0,54,2,233.12
15332.0,369,3,233.1
18213.0,236,1,232.48
12695.0,7,4,232.16
13711.0,218,2,232.16
13787.0,75,2,231.55
15236.0,298,1,231.05
15664.0,50,1,230.31
15551.0,36,1,230.31
16810.0,192,1,230.24
12623.0,276,1,230.1
17869.0,107,5,230.03
12812.0,44,1,229.64
13008.0,323,1,229.47
17908.0,373,1,229.45
15623.0,141,1,229.43
14793.0,21,1,228.99
13512.0,260,1,228.51
16125.0,367,1,228.45
14803.0,162,3,228.45
16120.0,59,2,228.1
16685.0,61,1,227.82
15634.0,17,1,227.65
16243.0,33,2,227.4
15035.0,89,1,227.29
12492.0,63,2,227.21
16793.0,57,1,226.84
13075.0,129,1,226.61
13833.0,159,1,226.4
17934.0,58,1,226.32
13837.0,211,2,226.24
16619.0,263,1,226.21
14947.0,72,2,225.9
14624.0,57,2,225.85
18149.0,50,3,225.1
16956.0,17,1,225.04
14549.0,311,1,224.98
18117.0,25,1,224.49
14304.0,222,1,224.4
16471.0,274,1,223.95
16768.0,47,3,223.69
15598.0,53,1,223.68
15637.0,52,1,223.36
16217.0,235,2,223.05
17120.0,233,1,222.96
15734.0,114,2,222.6
17732.0,372,1,222.52
14173.0,10,4,222.34
12566.0,86,1,222.13
17848.0,148,6,222.09
13045.0,99,1,222.08
14598.0,44,1,221.97
13544.0,39,2,221.26
14881.0,19,1,221.2
12373.0,311,1,221.1
13419.0,63,1,221.06
17860.0,368,1,221.0
12612.0,74,1,220.8
15812.0,107,3,220.78
15087.0,281,1,220.06
16527.0,81,1,219.81
17456.0,365,1,219.62
17630.0,169,2,219.4
16024.0,12,1,219.32
14242.0,234,2,219.25
18190.0,192,2,219.16
13941.0,21,5,219.0
16207.0,25,1,218.58
13886.0,71,1,218.56
13311.0,4,2,218.5
18110.0,19,1,218.4
17760.0,21,2,218.25
15724.0,201,2,218.25
15308.0,274,1,218.25
12614.0,277,1,218.15
13085.0,157,2,217.68
18092.0,38,4,217.6
13271.0,37,1,217.38
14823.0,180,3,217.18
16451.0,87,1,217.17
15457.0,262,1,217.17
16781.0,372,1,216.8
13318.0,1,3,216.58
15604.0,52,1,216.39
13984.0,26,4,216.23
15482.0,25,5,216.16
15675.0,81,3,216.16
16751.0,30,1,216.02
18215.0,89,1,215.94
15942.0,133,1,215.94
13142.0,19,1,215.92
14357.0,43,1,215.82
17736.0,9,2,215.59
14716.0,43,2,215.5
16123.0,51,1,215.28
15097.0,4,1,215.08
16402.0,264,2,214.75
18185.0,249,1,214.25
16957.0,239,2,214.24
15579.0,68,2,214.1
14744.0,16,5,213.98
16778.0,74,2,213.94
16756.0,214,1,213.9
15714.0,11,2,213.78
17153.0,24,1,213.78
16392.0,269,1,213.54
18276.0,43,1,213.46
15652.0,91,1,213.29
17771.0,56,2,213.23
16883.0,187,2,213.03
13502.0,16,3,212.7
14480.0,11,1,212.63
15175.0,71,1,212.5
16356.0,197,3,211.77
17081.0,25,2,211.76
14643.0,170,2,211.72
16478.0,25,2,211.66
15210.0,225,1,211.2
16278.0,100,1,211.03
12559.0,319,1,210.96
17371.0,17,3,210.64
13532.0,33,1,210.31
17045.0,113,2,210.24
17973.0,51,1,210.08
14474.0,46,1,210.06
13621.0,116,1,209.85
17267.0,127,2,209.77
15577.0,151,3,209.53
15163.0,18,2,209.47
16769.0,260,1,209.14
18193.0,165,1,208.91
15380.0,8,4,208.54
17951.0,39,3,208.38
14068.0,320,1,208.35
17247.0,15,1,208.09
16445.0,33,1,208.06
17176.0,201,1,208.03
18212.0,326,1,207.82
12436.0,99,1,207.16
12561.0,302,1,207.05
15850.0,19,2,206.94
17572.0,71,4,206.85
14953.0,25,1,206.74
16411.0,19,2,206.7
14958.0,147,3,206.38
12797.0,365,1,206.13
12507.0,134,2,206.1
17278.0,241,1,206.09
13529.0,78,2,206.06
18093.0,120,2,206.0
13453.0,165,2,205.98
16660.0,16,2,205.97
14476.0,257,1,205.75
16563.0,53,1,205.7
13272.0,31,2,205.66
14427.0,63,1,205.58
15758.0,24,1,205.25
15120.0,133,1,204.8
14995.0,38,2,204.68
16812.0,360,1,204.15
17891.0,162,1,203.86
12660.0,11,1,203.7
13411.0,107,1,203.6
16313.0,3,2,203.57
17430.0,32,2,203.36
15304.0,60,4,203.0
13416.0,43,2,202.7
14381.0,52,1,202.68
17619.0,312,1,202.62
14586.0,276,1,202.44
18066.0,75,1,202.2
15732.0,212,2,202.2
14385.0,9,3,202.11
14863.0,29,1,202.08
17569.0,332,1,202.04
17193.0,35,5,201.58
15556.0,24,1,201.37
15483.0,161,4,201.31
18108.0,254,1,201.2
12834.0,282,1,201.08
12915.0,148,2,201.05
17684.0,43,1,201.01
15699.0,17,1,201.0
12702.0,19,1,201.0
17830.0,1,3,200.75
18072.0,185,1,200.64
15149.0,133,1,200.55
16274.0,373,1,200.4
14532.0,236,3,200.4
17111.0,47,1,200.39
17514.0,128,1,200.15
12375.0,10,2,200.1
12790.0,192,1,199.42
17383.0,4,1,199.29
13479.0,200,2,199.05
17855.0,372,1,199.02
14311.0,242,1,198.97
16909.0,72,1,198.72
18112.0,12,2,198.52
15713.0,143,2,198.5
17550.0,197,3,198.41
13369.0,365,1,198.38
14332.0,22,3,198.15
14162.0,173,2,198.11
16846.0,50,1,197.82
13466.0,184,1,197.7
17878.0,43,1,197.63
13349.0,10,1,197.32
13382.0,280,1,197.14
12785.0,364,1,197.0
18106.0,329,1,196.9
14452.0,10,2,196.89
13573.0,50,2,196.86
14870.0,261,1,196.75
14508.0,22,2,196.42
18126.0,60,1,196.24
12527.0,81,3,195.91
16761.0,96,1,195.9
13932.0,294,1,195.8
12402.0,323,1,195.6
15193.0,60,1,195.35
16117.0,189,1,195.31
16107.0,28,4,195.3
14114.0,330,1,195.13
17912.0,310,5,195.13
14954.0,12,1,194.82
17475.0,79,1,194.37
14528.0,37,1,194.28
14950.0,19,1,193.7
17701.0,252,1,193.65
15198.0,92,2,193.64
17531.0,190,1,193.5
17608.0,33,2,193.42
13503.0,71,1,192.95
17157.0,7,2,192.64
15360.0,39,1,192.58
14517.0,33,2,192.55
12953.0,9,1,192.45
17303.0,361,1,192.24
16415.0,44,1,191.7
18270.0,38,2,191.7
17789.0,281,1,191.65
14029.0,63,2,191.46
12489.0,336,1,191.43
15393.0,16,2,191.3
15692.0,28,1,191.04
12515.0,353,1,190.8
14784.0,26,2,190.76
13033.0,357,1,190.55
17357.0,24,2,189.97
14496.0,311,2,189.92
15774.0,68,1,189.75
14416.0,22,2,189.5
17560.0,155,4,189.37
15355.0,29,2,189.3
16552.0,242,2,189.19
15320.0,44,1,189.03
13404.0,1,2,188.74
12893.0,30,1,188.14
14087.0,2,1,188.12
14830.0,53,1,188.03
13474.0,236,1,187.99
15234.0,276,1,187.88
15344.0,32,2,187.79
14779.0,280,3,187.55
17298.0,101,2,187.48
14597.0,11,1,187.25
16215.0,80,1,186.9
12586.0,17,1,186.54
14805.0,15,4,186.5
18005.0,3,2,186.27
13390.0,74,1,185.88
13338.0,157,1,185.67
15345.0,45,1,185.39
15540.0,11,1,185.22
17376.0,70,2,185.0
15333.0,208,1,184.9
13482.0,232,1,184.64
17239.0,312,1,184.6
15154.0,75,1,184.47
13104.0,3,4,183.96
17534.0,53,1,183.76
15437.0,262,1,183.71
13460.0,29,2,183.44
14126.0,10,1,183.4
13792.0,66,2,183.05
15746.0,134,1,182.96
13060.0,253,1,182.73
13858.0,57,1,182.67
13953.0,7,2,182.48
12718.0,71,1,182.35
18009.0,235,1,182.29
16302.0,126,1,182.22
14905.0,157,2,181.75
16829.0,156,1,181.32
15894.0,253,2,180.7
15882.0,198,3,180.12
12355.0,214,1,179.4
17053.0,130,1,179.4
13207.0,15,2,178.86
13778.0,103,1,178.7
16510.0,372,1,178.55
12732.0,179,1,178.26
17356.0,311,1,178.22
15639.0,134,1,178.02
17980.0,165,3,178.0
15014.0,43,2,177.67
16403.0,312,1,177.5
14687.0,106,1,177.42
13072.0,266,1,177.15
17237.0,11,2,177.14
16895.0,64,1,176.99
14747.0,249,1,176.95
16847.0,43,1,176.94
17985.0,22,1,176.85
13428.0,10,1,176.57
14966.0,14,1,176.2
14819.0,64,2,176.07
16260.0,50,1,175.75
13328.0,316,1,175.68
13321.0,86,1,175.64
14512.0,187,2,175.63
16836.0,39,2,175.55
17125.0,50,1,175.13
16528.0,3,1,175.02
13568.0,173,1,175.0
12361.0,287,1,174.9
15857.0,18,1,174.6
12414.0,217,3,174.45
13560.0,7,1,174.37
13972.0,70,2,174.35
14491.0,175,2,174.18
18278.0,73,1,173.9
17670.0,227,1,173.9
14798.0,52,3,173.74
13316.0,37,3,173.69
17885.0,12,1,173.44
14929.0,32,1,172.88
13859.0,326,1,172.76
17793.0,25,1,172.32
16017.0,47,1,172.03
17402.0,4,6,171.95
17245.0,204,1,171.45
15432.0,23,1,171.19
17123.0,161,1,171.0
17843.0,303,1,170.88
17674.0,74,2,170.52
17436.0,1,2,170.4
16887.0,35,1,170.13
15139.0,239,2,169.84
12581.0,39,1,169.76
15460.0,354,1,169.66
16509.0,296,1,169.5
14218.0,42,1,169.48
16365.0,17,7,169.26
17761.0,32,1,169.08
15925.0,194,1,168.9
17343.0,355,1,168.74
13828.0,22,1,168.45
13295.0,359,1,168.3
16758.0,65,1,168.26
12551.0,357,1,168.0
15922.0,373,1,167.6
16482.0,15,1,167.34
13189.0,18,2,167.28
14638.0,50,1,166.8
17693.0,137,1,166.47
17301.0,21,1,166.43
16526.0,171,1,166.26
17650.0,21,1,166.08
15783.0,10,1,165.62
16105.0,248,1,165.6
15678.0,52,1,165.5
13169.0,63,2,165.5
12552.0,39,1,165.47
15335.0,53,1,165.47
14847.0,148,1,165.3
13470.0,99,2,165.0
12752.0,81,1,164.6
14306.0,51,2,164.48
17535.0,280,1,164.4
16177.0,50,1,164.35
15776.0,133,1,164.13
15921.0,172,1,164.06
18101.0,11,2,163.95
16181.0,73,1,163.94
18200.0,106,1,163.8
16448.0,198,1,163.39
15866.0,101,1,163.18
18274.0,30,1,163.17
15119.0,245,1,162.8
15777.0,241,2,162.66
12409.0,78,3,162.63
12574.0,315,1,162.55
16627.0,79,1,162.38
13750.0,53,3,162.32
15325.0,103,1,162.29
14801.0,61,1,162.14
14722.0,147,1,162.07
15262.0,323,1,161.95
16601.0,40,1,161.84
16808.0,99,2,161.77
16457.0,218,1,161.56
16921.0,61,1,161.54
16321.0,72,5,161.4
14523.0,108,1,160.91
15947.0,82,1,160.64
18099.0,127,1,160.36
18146.0,140,2,160.35
13669.0,50,2,160.2
15096.0,42,1,160.09
14666.0,24,1,160.05
16450.0,149,1,160.0
15825.0,172,1,159.84
17171.0,289,1,159.81
17040.0,137,1,159.78
14765.0,29,3,159.76
13592.0,35,3,159.51
13960.0,21,2,159.42
13277.0,15,3,159.4
14287.0,8,2,159.35
17206.0,53,1,159.24
14915.0,91,2,158.98
18224.0,263,1,158.95
14052.0,19,1,158.66
14355.0,365,1,158.5
17076.0,36,3,158.36
17809.0,16,4,158.25
14761.0,58,2,158.1
15348.0,72,1,158.04
16425.0,302,1,157.4
15454.0,362,1,157.2
15670.0,296,1,157.15
14552.0,151,1,157.12
17580.0,312,2,157.12
17118.0,317,1,157.02
13657.0,10,2,156.6
16690.0,72,2,156.43
18045.0,45,1,156.15
12923.0,64,1,155.82
17574.0,242,1,155.8
13329.0,31,2,155.58
12441.0,366,1,155.55
16315.0,330,1,155.52
17966.0,151,2,155.43
15815.0,63,3,155.28
17526.0,4,3,155.2
16406.0,18,1,155.12
17453.0,17,2,155.07
17698.0,260,1,154.95
16517.0,277,1,154.75
16656.0,150,6,154.68
15690.0,4,2,154.68
15920.0,154,3,154.6
13618.0,173,1,154.54
13322.0,17,1,154.48
16596.0,15,2,154.25
16897.0,299,2,154.23
13187.0,337,1,154.02
16351.0,332,1,153.9
13049.0,318,1,153.78
15343.0,87,1,153.7
15396.0,112,1,153.28
17714.0,320,1,153.0
15683.0,117,1,152.95
16248.0,61,1,152.94
13806.0,63,1,152.73
12522.0,39,2,152.72
16342.0,75,3,152.36
13606.0,29,2,152.22
15041.0,170,1,151.9
16412.0,53,1,151.83
12547.0,197,2,151.8
18169.0,60,1,151.65
14015.0,52,1,151.5
17680.0,23,1,151.4
13697.0,38,1,151.3
14073.0,32,1,151.04
14177.0,95,3,150.97
13893.0,297,1,150.7
12573.0,227,1,150.59
15224.0,358,2,150.53
18014.0,28,1,150.52
16566.0,15,5,150.48
15717.0,234,1,150.3
14236.0,80,2,150.24
16178.0,138,1,150.1
13926.0,23,1,150.1
17166.0,38,2,150.09
16680.0,43,1,149.7
18262.0,140,1,149.48
17367.0,238,1,149.46
15723.0,364,1,149.4
17226.0,308,1,148.99
13284.0,330,1,148.74
13255.0,9,2,148.66
14585.0,50,1,148.55
17832.0,49,1,148.53
14362.0,22,1,148.45
15971.0,67,6,148.25
17201.0,53,1,148.23
13441.0,91,1,148.16
14327.0,163,1,148.15
14997.0,46,3,147.92
13973.0,287,1,147.75
12966.0,9,1,147.68
12650.0,3,1,147.64
14485.0,38,1,147.3
14241.0,183,1,147.3
14100.0,137,1,147.2
16109.0,218,1,147.12
13986.0,17,1,147.06
15007.0,159,1,146.96
13737.0,200,1,146.05
12565.0,288,1,145.92
13866.0,74,1,145.67
13070.0,192,1,145.6
15790.0,10,1,145.53
16932.0,53,1,145.44
17286.0,21,1,145.42
15937.0,64,1,145.35
17668.0,1,2,145.25
12558.0,7,1,145.16
17919.0,88,1,145.08
16598.0,285,1,145.05
15319.0,283,1,145.0
17524.0,361,1,145.0
16620.0,3,2,144.96
17603.0,78,1,144.72
12795.0,18,1,144.63
15462.0,94,3,144.6
12750.0,128,1,144.3
12386.0,366,1,144.3
14647.0,201,1,144.22
14109.0,72,1,144.2
12442.0,3,1,144.06
17615.0,130,3,144.05
18074.0,373,1,143.6
12990.0,31,2,143.0
18078.0,217,2,142.63
15385.0,40,1,142.46
16647.0,169,2,142.42
16739.0,176,1,142.2
17542.0,269,1,141.55
15388.0,270,1,140.54
13153.0,5,1,140.46
14932.0,365,1,140.43
13483.0,65,1,140.34
17561.0,19,1,140.0
17492.0,248,1,140.0
15185.0,70,1,139.92
14494.0,25,1,139.56
15263.0,106,1,139.51
15748.0,40,1,139.36
14037.0,176,2,139.25
18209.0,28,1,139.1
14968.0,30,1,139.09
15135.0,239,1,139.05
17658.0,25,2,139.02
13898.0,325,1,138.93
15167.0,320,1,138.6
14204.0,2,1,138.58
17415.0,79,1,138.44
13065.0,373,1,138.41
17122.0,119,1,138.32
12367.0,4,1,138.3
13716.0,269,1,138.28
17898.0,85,2,138.14
16777.0,80,2,138.05
18114.0,290,1,137.9
13279.0,78,1,137.75
13058.0,58,2,137.7
17737.0,9,2,137.64
17935.0,138,2,137.29
15438.0,131,1,137.13
14483.0,281,1,137.1
18280.0,277,1,137.0
17468.0,10,2,137.0
17334.0,302,2,136.62
15667.0,39,1,136.56
17660.0,141,1,136.25
14889.0,336,1,135.9
16179.0,60,1,135.88
15052.0,319,1,135.88
16114.0,170,1,135.75
17344.0,46,1,135.57
17094.0,322,1,135.5
13462.0,252,1,135.0
16080.0,81,2,135.0
14340.0,218,1,134.7
17772.0,10,2,134.32
13598.0,47,1,134.07
18088.0,61,1,133.67
14551.0,18,2,133.23
13762.0,218,1,133.2
16835.0,128,2,133.15
16337.0,36,1,133.15
13146.0,26,1,132.91
13220.0,78,2,132.84
16689.0,82,1,132.72
12924.0,88,4,132.7
13513.0,126,1,132.6
14059.0,266,1,132.6
17010.0,18,1,132.36
13262.0,263,1,132.29
14438.0,306,1,131.9
12450.0,156,2,131.88
17984.0,145,1,131.68
17128.0,334,1,131.59
17871.0,204,1,131.42
17190.0,58,1,131.39
17233.0,35,1,131.07
13718.0,246,2,130.8
17172.0,78,1,130.68
12989.0,8,4,130.63
13570.0,243,1,130.52
13798.0,17,8,130.51
14258.0,151,3,130.5
15554.0,277,1,130.4
12512.0,66,2,130.08
17742.0,113,2,130.06
14660.0,86,2,129.88
18013.0,155,2,129.81
13052.0,212,1,129.8
16282.0,339,1,129.75
15447.0,330,1,129.67
13754.0,151,2,129.6
14264.0,154,2,129.57
17978.0,365,1,129.5
16611.0,186,1,129.49
13603.0,26,1,129.44
12602.0,58,1,129.22
18269.0,366,1,129.0
12430.0,43,1,129.0
15226.0,310,1,128.91
12641.0,115,1,128.9
15773.0,5,1,128.8
15503.0,362,1,128.64
13489.0,157,2,128.64
13434.0,74,2,128.64
16914.0,36,1,128.61
13273.0,113,1,128.54
17388.0,77,2,128.48
17517.0,308,1,128.44
13937.0,169,1,128.25
15904.0,8,1,128.23
16587.0,232,1,127.85
14448.0,9,2,127.8
13364.0,71,1,127.46
14082.0,364,1,127.05
15740.0,49,1,126.8
14804.0,8,1,126.72
17140.0,247,1,126.62
14772.0,112,1,126.51
15124.0,22,2,126.5
13784.0,218,3,126.3
14354.0,5,2,126.18
15986.0,30,1,126.12
16893.0,366,1,126.03
13522.0,30,1,125.8
14890.0,253,1,125.65
16189.0,15,2,125.58
16287.0,169,1,125.22
15327.0,52,1,125.1
14349.0,10,1,125.0
13079.0,4,5,124.9
17148.0,51,1,124.88
14174.0,33,1,124.51
15663.0,106,1,124.1
14601.0,10,1,123.96
17987.0,185,1,123.93
12622.0,232,1,123.85
14326.0,242,1,123.85
14495.0,50,2,123.8
15565.0,50,2,123.66
17785.0,53,1,123.44
16594.0,75,1,123.44
16641.0,105,1,123.38
14737.0,3,2,123.3
13229.0,225,1,123.15
17165.0,284,1,122.88
16330.0,17,3,122.66
17384.0,19,2,122.2
15408.0,264,1,121.98
12618.0,21,1,121.41
13182.0,45,1,121.18
17892.0,57,2,121.1
15512.0,155,2,121.0
17446.0,176,2,120.9
16433.0,28,1,120.66
14924.0,245,1,120.65
15174.0,322,1,120.63
14960.0,8,2,120.62
12871.0,84,2,120.54
13856.0,168,3,120.3
18015.0,4,1,120.03
17854.0,185,2,120.01
17142.0,239,1,119.7
15869.0,277,2,119.4
16634.0,372,1,119.4
15463.0,29,1,119.3
15307.0,95,1,119.2
16666.0,19,1,118.98
14155.0,266,1,118.75
14712.0,75,2,118.53
15689.0,119,2,118.2
12672.0,329,1,118.05
15543.0,288,1,117.91
12950.0,8,2,117.8
15277.0,46,1,117.78
16965.0,226,1,117.4
16959.0,87,1,117.35
15820.0,319,1,116.98
16720.0,26,1,116.57
13029.0,30,2,116.5
16971.0,38,1,116.21
14727.0,274,1,116.03
18004.0,362,1,115.97
17030.0,63,1,115.95
16753.0,58,1,115.72
17600.0,17,1,115.68
15350.0,373,1,115.65
15017.0,33,1,115.63
18027.0,98,1,115.31
15970.0,303,1,114.9
17889.0,212,2,114.82
16948.0,138,2,114.8
17817.0,4,2,114.43
17187.0,226,1,114.35
17852.0,11,2,114.34
14066.0,266,1,114.3
15292.0,201,1,114.24
17234.0,182,1,114.04
12651.0,334,1,114.0
17718.0,232,1,113.85
13436.0,1,1,113.54
16828.0,112,1,113.5
14813.0,369,2,113.48
15057.0,275,2,113.4
16124.0,317,1,113.4
15988.0,19,1,113.38
14089.0,56,1,113.3
18282.0,7,2,113.13
17253.0,18,1,113.01
16427.0,263,2,112.96
15528.0,254,1,112.87
13845.0,64,1,112.86
16861.0,59,2,112.8
14413.0,362,1,112.75
15610.0,51,1,112.46
14518.0,64,1,112.44
15733.0,282,1,112.4
15881.0,312,4,112.24
16447.0,135,1,112.16
14570.0,280,2,112.01
14557.0,85,1,111.88
17455.0,203,1,111.8
14676.0,31,3,111.6
17409.0,184,2,111.55
14578.0,3,1,111.51
16432.0,64,1,111.0
13002.0,318,1,111.0
14000.0,211,1,111.0
15853.0,51,1,110.8
14658.0,5,2,110.6
17666.0,3,2,110.58
16963.0,187,1,110.55
16226.0,203,3,110.4
14460.0,110,3,110.4
12738.0,372,1,110.4
16097.0,240,1,110.4
18277.0,58,1,110.38
16113.0,183,1,110.15
14782.0,319,1,110.1
14453.0,190,1,109.98
15435.0,22,1,109.94
17836.0,47,1,109.83
14789.0,28,1,109.8
13786.0,367,1,109.2
13170.0,26,1,109.17
14699.0,214,1,109.13
17374.0,218,2,109.07
14860.0,19,1,108.88
15844.0,46,1,108.84
17601.0,239,1,108.45
16106.0,65,1,108.38
12920.0,17,1,108.34
12851.0,96,1,108.28
18147.0,45,2,108.24
14333.0,67,1,108.2
12664.0,87,3,108.0
14882.0,26,2,107.4
16591.0,68,1,107.3
12884.0,88,1,107.25
16773.0,57,1,106.89
16757.0,318,1,106.83
14406.0,119,1,106.25
17791.0,29,1,106.1
12753.0,135,4,106.08
17219.0,31,1,105.98
16581.0,182,1,105.84
14076.0,129,1,105.52
16338.0,157,1,105.35
14368.0,319,1,105.2
14689.0,208,1,104.85
14027.0,60,1,104.82
15886.0,60,1,104.5
16593.0,50,2,104.48
15703.0,264,1,104.4
14055.0,106,1,104.14
14247.0,278,1,104.12
15107.0,330,4,104.1
12516.0,77,2,104.08
13929.0,169,2,103.65
18105.0,37,1,103.53
15381.0,268,1,103.5
15458.0,25,1,103.32
18255.0,89,1,103.3
17548.0,233,1,103.3
14542.0,185,1,103.25
13723.0,217,1,102.9
14836.0,10,3,102.45
14970.0,68,1,102.31
13826.0,176,1,102.3
17904.0,21,1,102.22
14981.0,246,1,102.12
15276.0,66,1,102.06
16952.0,109,2,101.76
16516.0,30,1,101.7
17386.0,7,3,101.6
14041.0,266,1,101.51
16006.0,211,1,101.4
18086.0,274,1,101.34
14208.0,94,1,101.14
14946.0,14,1,100.9
16112.0,143,2,100.7
15016.0,172,1,100.24
13103.0,39,1,100.24
12938.0,25,1,100.22
15361.0,361,1,100.2
17988.0,11,7,99.92
18129.0,243,1,99.8
17025.0,60,3,99.65
17256.0,107,2,99.6
16715.0,78,1,99.4
17582.0,236,1,99.37
17939.0,159,1,99.14
13061.0,72,1,98.76
17877.0,170,1,98.61
14248.0,318,1,98.58
15256.0,148,1,98.45
16079.0,16,3,98.34
15422.0,323,2,97.7
12984.0,18,1,97.5
17972.0,241,1,97.39
17900.0,190,2,97.2
13638.0,15,1,97.14
17325.0,280,1,96.8
14697.0,218,2,96.56
15897.0,194,2,96.43
17312.0,155,2,96.35
14238.0,326,1,96.2
13161.0,313,1,95.75
17819.0,240,3,95.71
14908.0,74,1,95.7
16483.0,192,1,95.7
14581.0,16,1,95.67
17899.0,159,1,95.59
17297.0,17,1,95.43
13108.0,372,1,95.3
17977.0,29,1,95.29
17957.0,66,1,95.29
14473.0,74,1,95.28
12531.0,14,1,95.27
17967.0,371,1,95.22
16190.0,40,1,94.99
13244.0,92,1,94.79
13043.0,273,1,94.7
13710.0,31,1,94.56
14974.0,37,1,94.49
14652.0,77,1,94.28
14582.0,40,1,94.21
15397.0,289,1,94.0
17947.0,37,1,93.72
13283.0,59,2,93.66
14386.0,296,1,93.6
16072.0,288,1,93.6
18042.0,53,1,93.35
16498.0,161,2,93.02
18011.0,373,1,92.84
12358.0,1,2,92.82
17679.0,85,1,92.7
17152.0,194,2,92.7
17538.0,25,1,92.66
14280.0,196,1,92.64
14054.0,65,1,92.46
14271.0,225,1,92.42
16858.0,368,1,92.4
13978.0,14,2,91.97
14855.0,134,1,91.85
13672.0,301,2,91.83
16029.0,80,3,91.8
13067.0,82,1,91.61
15864.0,66,3,91.4
13976.0,206,1,91.1
13663.0,179,1,91.07
15935.0,239,1,91.04
17588.0,100,2,91.0
15612.0,36,2,90.9
13947.0,65,1,90.6
14353.0,215,1,90.6
16506.0,19,2,90.3
12348.0,248,3,90.2
15552.0,217,1,90.12
15766.0,64,1,90.06
18135.0,29,4,90.05
14117.0,143,1,90.0
15497.0,17,2,90.0
13227.0,201,1,90.0
14608.0,4,3,89.4
13325.0,81,1,89.3
14760.0,297,1,89.2
13003.0,151,2,89.05
14537.0,57,1,88.92
15523.0,84,1,88.51
14853.0,24,2,88.5
16696.0,213,2,88.5
17038.0,30,1,88.25
13712.0,246,1,88.2
16380.0,61,1,88.19
15775.0,245,1,87.9
12902.0,264,1,87.78
15607.0,336,1,87.76
16792.0,282,1,87.68
15280.0,172,1,87.62
13420.0,149,2,87.6
15180.0,367,1,87.5
17924.0,11,3,87.3
17866.0,142,1,87.2
14098.0,36,1,86.15
15888.0,80,1,86.14
14079.0,124,1,86.05
15537.0,163,1,86.02
13193.0,61,1,85.93
17080.0,22,1,85.8
13059.0,249,1,85.65
16096.0,264,1,85.62
13226.0,273,1,85.51
17274.0,35,1,85.42
17859.0,304,1,85.21
17958.0,116,1,85.16
15541.0,114,1,85.13
14984.0,19,2,85.02
15729.0,212,1,85.0
16849.0,186,1,84.77
15419.0,24,1,84.74
18119.0,367,1,84.41
14165.0,275,1,84.29
17928.0,45,2,84.16
13876.0,63,1,83.8
17895.0,44,1,82.91
13299.0,268,1,82.8
13324.0,36,2,82.8
14301.0,117,1,82.8
12831.0,262,1,82.75
17309.0,95,1,82.75
14039.0,33,1,82.6
16213.0,78,1,82.5
16281.0,72,1,82.5
17962.0,142,1,82.44
13260.0,61,1,82.32
16557.0,24,2,82.3
13249.0,93,1,82.23
13461.0,38,2,82.2
17647.0,65,1,82.11
13962.0,21,2,82.1
14964.0,247,1,81.75
15199.0,235,2,81.75
12967.0,371,1,81.7
18249.0,17,1,81.66
13690.0,59,1,81.6
13922.0,351,1,81.6
15347.0,366,1,81.6
13807.0,367,1,80.8
16789.0,8,1,80.8
15843.0,303,1,80.7
17654.0,277,1,80.65
14768.0,127,1,80.1
17862.0,323,1,80.0
13133.0,273,2,79.95
14632.0,262,1,79.94
14764.0,46,1,79.8
17946.0,233,2,79.78
12588.0,39,1,79.65
15578.0,162,1,79.55
15101.0,8,2,79.45
13519.0,78,1,78.95
18165.0,177,1,78.66
15923.0,372,1,78.3
17155.0,17,2,78.2
16055.0,220,1,78.0
16997.0,309,1,78.0
15659.0,43,1,77.85
16752.0,372,1,77.7
15739.0,66,1,77.6
17881.0,304,1,77.55
16050.0,173,1,77.48
14237.0,373,1,77.45
12445.0,22,1,77.4
15759.0,296,2,77.24
12974.0,197,1,77.15
17457.0,126,2,77.11
14536.0,259,1,76.85
13992.0,30,1,76.8
16461.0,177,1,76.67
14436.0,98,1,76.56
12464.0,149,4,76.5
17078.0,36,2,76.34
17110.0,165,1,76.1
18033.0,65,1,75.97
15803.0,51,1,75.9
13160.0,22,1,75.9
13584.0,306,1,75.75
17628.0,81,1,75.75
12821.0,214,1,75.72
16610.0,219,1,75.66
13751.0,288,1,75.6
12818.0,261,1,75.6
16363.0,53,1,75.36
18120.0,214,1,75.35
15428.0,15,1,75.06
17339.0,94,2,75.0
16276.0,176,1,75.0
17746.0,240,1,74.8
12956.0,306,1,74.67
15395.0,325,1,74.55
18050.0,359,1,74.4
17960.0,171,1,73.78
14196.0,106,1,73.72
18032.0,334,1,73.5
14219.0,4,1,73.44
17117.0,288,1,73.35
16171.0,59,1,73.2
16182.0,72,1,72.8
13678.0,151,1,72.56
16519.0,25,2,72.28
18203.0,157,1,72.07
13686.0,182,1,72.0
13938.0,35,1,71.66
18008.0,70,4,71.53
16430.0,57,1,71.35
17893.0,225,1,71.35
12686.0,371,1,71.14
17022.0,31,1,71.0
16852.0,10,2,70.96
12929.0,311,1,70.95
14641.0,21,1,70.86
13514.0,73,1,70.8
17194.0,360,1,70.28
13699.0,155,1,70.08
14104.0,165,1,69.71
15709.0,283,1,69.65
13980.0,60,1,69.58
15909.0,173,1,69.54
14345.0,38,1,69.38
15158.0,45,1,69.36
12881.0,275,1,69.0
15944.0,276,1,68.9
14457.0,310,1,68.64
13781.0,250,1,68.54
13587.0,63,1,68.4
15445.0,264,1,68.1
14393.0,218,1,67.95
17556.0,205,1,67.95
16988.0,5,1,67.87
18138.0,295,1,67.8
13666.0,60,3,67.65
18024.0,152,1,67.63
13684.0,285,1,67.23
12548.0,166,1,67.2
17464.0,158,1,67.15
16542.0,53,1,66.52
13600.0,312,1,66.52
13508.0,243,1,66.42
14806.0,75,1,66.0
13062.0,191,1,65.7
13101.0,234,1,65.5
14295.0,40,1,65.4
17723.0,214,1,64.9
14143.0,133,1,64.8
12968.0,112,1,64.8
16027.0,137,3,64.75
16711.0,3,2,64.68
17849.0,263,3,64.6
14259.0,141,1,64.5
16623.0,245,1,64.05
16227.0,225,1,64.02
17163.0,78,1,63.7
17969.0,166,2,63.45
17263.0,208,1,63.44
13651.0,39,1,63.3
14437.0,365,1,63.0
14840.0,267,1,62.85
14866.0,141,1,62.72
15083.0,256,1,62.7
16917.0,276,1,62.4
13223.0,200,1,62.4
15212.0,241,1,62.0
15621.0,4,2,61.85
12754.0,277,2,61.62
18010.0,256,1,61.6
15587.0,50,2,61.2
14371.0,295,1,60.9
13194.0,135,1,60.7
15917.0,247,1,60.55
13095.0,70,1,60.48
17018.0,40,1,60.3
13809.0,305,1,60.3
17639.0,276,1,60.2
15045.0,151,1,60.06
12504.0,30,1,60.0
17937.0,114,2,60.0
16784.0,19,1,60.0
17174.0,217,1,59.9
15567.0,18,1,59.7
15569.0,131,2,59.16
16256.0,266,1,58.95
15168.0,25,1,58.86
17643.0,373,1,58.8
12837.0,173,1,58.75
14957.0,253,1,58.49
17709.0,169,1,58.25
13080.0,179,1,58.08
12506.0,232,1,57.6
13946.0,79,3,57.33
13581.0,309,1,56.95
13218.0,127,1,56.76
17354.0,50,1,56.69
17775.0,254,1,56.4
16247.0,170,1,56.28
17024.0,99,2,56.25
17359.0,11,1,56.15
17906.0,247,1,55.95
17955.0,219,2,55.6
18142.0,215,1,55.2
16048.0,373,2,54.84
12845.0,268,2,54.79
15181.0,175,1,54.6
18240.0,46,1,54.18
15516.0,44,3,53.93
16387.0,322,1,53.8
18018.0,108,2,53.59
13551.0,319,1,53.55
14972.0,128,1,53.47
13296.0,137,1,53.4
14377.0,191,2,53.25
15206.0,145,2,53.1
15504.0,81,1,52.83
15852.0,197,1,52.21
13832.0,19,1,52.2
15160.0,357,1,51.96
17844.0,106,1,51.56
15204.0,357,1,51.3
17351.0,36,2,51.0
18048.0,203,2,50.97
12756.0,86,1,50.88
16697.0,241,1,50.85
14500.0,88,2,50.7
13011.0,372,1,50.55
17381.0,277,1,50.4
17707.0,185,2,50.4
17060.0,266,1,50.4
15400.0,128,2,50.2
16163.0,365,1,50.1
16582.0,113,1,50.1
15836.0,50,1,49.97
17306.0,10,2,49.92
12863.0,52,1,49.8
15412.0,171,1,49.79
17578.0,218,1,49.5
14821.0,366,1,48.8
16586.0,248,1,48.75
12931.0,67,2,48.16
15653.0,115,1,48.0
18064.0,133,1,48.0
15266.0,338,1,47.7
17949.0,150,2,47.58
17349.0,179,1,47.55
17620.0,59,1,47.44
13144.0,332,1,47.2
17887.0,129,1,47.05
18281.0,180,1,46.92
14714.0,24,1,46.9
12912.0,8,2,46.8
14314.0,106,1,46.68
15042.0,199,1,46.68
12659.0,29,1,45.6
14080.0,32,1,45.6
14693.0,264,1,45.4
14607.0,18,1,45.3
15247.0,122,1,45.2
12879.0,44,2,45.16
15593.0,70,1,45.0
12665.0,324,1,45.0
17181.0,57,1,44.6
15958.0,74,1,44.4
14046.0,284,1,44.31
16597.0,4,1,44.24
14861.0,52,1,43.77
15899.0,368,1,43.5
14300.0,18,1,43.2
14865.0,7,2,43.08
15863.0,25,2,42.44
17901.0,29,1,41.78
14053.0,159,1,41.75
14661.0,26,1,41.05
14885.0,131,1,40.8
15178.0,260,1,40.5
15257.0,283,1,40.2
14785.0,15,1,39.48
16665.0,362,1,39.25
13561.0,215,1,39.01
16832.0,217,1,39.0
14975.0,57,1,38.65
17394.0,219,1,38.4
12855.0,372,1,38.1
16966.0,44,2,38.05
17396.0,148,1,37.5
18191.0,261,1,37.4
17816.0,36,4,36.56
16565.0,364,1,35.7
16344.0,158,1,35.7
13967.0,145,1,35.7
17856.0,233,2,35.6
18030.0,4,2,35.45
17831.0,33,1,35.4
16856.0,14,1,35.4
14576.0,372,1,35.4
17268.0,150,1,35.0
15973.0,366,1,34.4
13682.0,187,1,34.0
16926.0,371,1,33.45
18037.0,154,6,33.17
15216.0,87,1,33.0
16989.0,98,1,33.0
12401.0,303,1,32.85
16927.0,276,2,32.75
14799.0,51,1,32.72
14439.0,319,1,32.5
17133.0,15,3,32.4
17217.0,234,1,32.15
15219.0,176,1,31.6
16414.0,21,2,31.6
16569.0,3,1,31.5
13120.0,238,1,30.6
15063.0,213,1,30.6
13645.0,120,1,30.6
16339.0,284,1,30.45
16424.0,191,1,30.0
15657.0,22,1,30.0
17513.0,72,1,30.0
18227.0,217,1,30.0
17427.0,71,1,30.0
13347.0,70,1,30.0
14967.0,49,1,30.0
14752.0,43,1,30.0
16152.0,268,1,30.0
13403.0,17,1,30.0
15330.0,32,1,29.76
12897.0,204,1,29.7
14148.0,233,1,29.7
18246.0,233,1,29.5
12353.0,204,1,29.3
18019.0,51,1,28.5
12829.0,336,1,28.5
17414.0,184,1,28.0
15992.0,3,1,27.04
12817.0,281,1,27.04
16617.0,235,1,26.0
15405.0,189,1,25.94
14569.0,1,1,25.85
12509.0,284,1,25.5
16684.0,358,1,25.44
17279.0,57,1,25.43
17879.0,173,1,25.31
15374.0,128,1,25.2
14111.0,95,2,25.2
16545.0,164,1,25.2
12888.0,255,1,25.2
13130.0,94,1,25.0
17995.0,281,1,23.6
13948.0,360,1,23.4
17781.0,159,1,22.67
17440.0,247,2,22.62
17525.0,359,1,22.5
16658.0,368,1,22.14
15895.0,149,1,21.85
17805.0,73,1,21.57
17313.0,31,1,21.0
13685.0,3,4,20.92
16953.0,30,1,20.8
12587.0,7,1,20.8
16986.0,30,1,20.8
17986.0,56,1,20.8
17205.0,53,1,20.5
17026.0,369,1,20.4
15030.0,268,1,20.4
12497.0,81,1,20.4
16659.0,189,1,20.4
14423.0,218,1,20.4
15661.0,317,1,19.8
14642.0,58,1,19.8
15705.0,201,1,19.5
14522.0,92,2,19.46
14513.0,288,1,18.75
16866.0,140,2,18.24
13538.0,120,1,17.85
13877.0,86,1,17.4
15838.0,25,1,17.28
16093.0,106,1,17.0
12734.0,352,1,16.8
17549.0,23,2,16.44
16998.0,149,2,15.4
13132.0,261,1,15.3
14147.0,78,1,15.0
13145.0,91,1,15.0
16679.0,366,1,15.0
14681.0,211,1,15.0
17763.0,263,1,15.0
13307.0,120,1,15.0
13689.0,63,1,15.0
14962.0,270,1,14.85
13493.0,287,1,14.85
14403.0,217,1,14.85
16913.0,290,1,14.29
15945.0,365,1,13.6
16878.0,84,1,13.3
14185.0,331,1,12.75
16349.0,290,1,12.65
17262.0,227,1,12.45
12643.0,220,1,12.08
16162.0,252,1,11.9
14816.0,197,1,11.9
13006.0,56,1,11.52
12977.0,156,1,10.74
13216.0,267,1,10.5
12864.0,138,1,10.2
14520.0,1,1,10.2
14199.0,218,1,10.2
14373.0,358,1,10.2
14828.0,254,1,10.08
14616.0,284,1,10.08
12403.0,49,1,9.9
15526.0,33,1,9.14
17991.0,225,2,8.85
17788.0,129,1,8.2
12755.0,280,1,7.6
18058.0,9,1,6.96
15744.0,77,1,6.96
16405.0,310,1,6.85
14792.0,63,1,6.2
16454.0,64,1,5.9
17857.0,358,1,5.5
16429.0,106,1,4.95
14795.0,166,1,4.25
17212.0,253,1,3.95
16738.0,297,1,3.75
14101.0,294,1,2.95
16446.0,205,1,2.9
17942.0,7,1,1.9
15049.0,273,1,1.7
